{
  "optimized": {
    "0": {
      "mu": [
        1779.4018545753868, 
        1162.8605157906488, 
        1553.4001818426163, 
        1336.797868745868, 
        1406.6155301186884, 
        1408.2148194071942, 
        1382.9117052705212, 
        1433.4079124442683, 
        1385.3522585487424, 
        1415.5238897018548, 
        1394.95217396779, 
        1405.222369125128, 
        1405.6993920267373, 
        1399.8555600597062, 
        1409.5730746628724, 
        1398.9805239997222, 
        1404.8621779296925, 
        1401.532741930604, 
        1402.6038119610662, 
        1405.7020371932492, 
        1402.0807621891124, 
        1405.247292089559, 
        1402.5440012424442, 
        1403.2043805673798, 
        1403.6232012917003, 
        1402.4060862203814, 
        1405.5904809640065, 
        1402.569917914452, 
        1403.9360349104666, 
        1403.2949030879226, 
        1402.6404610745326, 
        1404.389856503794, 
        1402.1716303961778, 
        1405.2902332363778, 
        1402.3609508025147, 
        1403.9335720134507, 
        1403.126593367685, 
        1402.998530802465, 
        1404.1845574568652, 
        1402.5742507679174, 
        1404.4818503857205, 
        1402.6870501307244, 
        1403.8105883208386, 
        1403.1573764962295, 
        1403.3708939166127
      ], 
      "std": [
        0.0, 
        1087.511447754099, 
        1095.907736194485, 
        946.5063580387326, 
        1069.7068304064605, 
        996.0897894194467, 
        1027.9609678609627, 
        1038.810758079181, 
        1014.0525400828787, 
        1039.1992705252455, 
        1015.6667299963884, 
        1032.7188805938845, 
        1023.5473601792509, 
        1026.3129313009106, 
        1029.6419551320448, 
        1023.2077430429981, 
        1028.3758711474798, 
        1023.7979943439074, 
        1026.9320114860657, 
        1026.7194223898073, 
        1026.040818936161, 
        1027.486757830973, 
        1025.7527486251977, 
        1026.5993912833815, 
        1026.0579012072903, 
        1026.0529305535797, 
        1027.3759794614723, 
        1025.9597373829813, 
        1026.7217102967927, 
        1026.237338159695, 
        1025.9495351463372, 
        1026.857118692493, 
        1025.5595405245813, 
        1027.5633719199293, 
        1025.5681555508352, 
        1026.8481857705226, 
        1026.0060126702776, 
        1026.2111898412215, 
        1026.712843588557, 
        1025.8207726380028, 
        1027.0668304137762, 
        1025.784140914418, 
        1026.7601119946332, 
        1026.0305821532206, 
        1026.568602856441
      ], 
      "s": [
        1, 
        2, 
        3, 
        4, 
        5, 
        6, 
        7, 
        8, 
        9, 
        10, 
        11, 
        12, 
        13, 
        14, 
        15, 
        16, 
        17, 
        18, 
        19, 
        20, 
        21, 
        22, 
        23, 
        24, 
        25, 
        26, 
        27, 
        28, 
        29, 
        30, 
        31, 
        32, 
        33, 
        34, 
        35, 
        36, 
        37, 
        38, 
        39, 
        40, 
        41, 
        42, 
        43, 
        44, 
        45
      ]
    }
  }, 
  "random": {
    "0": {
      "mu": [
        1556.8280829857586, 
        1111.1347446606396, 
        1420.9079825721378, 
        1238.3918514217314, 
        1305.5077972145968, 
        1295.5514458903717, 
        1283.1813535825422, 
        1317.9442311881821, 
        1283.7579273393076, 
        1306.5373855573735, 
        1290.2662939066408, 
        1298.5103271354446, 
        1298.3272026756815, 
        1294.1587667207505, 
        1301.4459504279498, 
        1293.5978202710019, 
        1298.4043933728221, 
        1295.721037752278, 
        1296.3326846603284, 
        1298.8352196449855, 
        1295.8609404501265, 
        1298.4510584470354, 
        1295.9596116681769, 
        1297.2381992555052, 
        1297.0330757016084, 
        1296.1969193410332, 
        1298.7136567509133, 
        1296.093783215354, 
        1297.5421071422682, 
        1296.7101238669966, 
        1296.9999031746147, 
        1297.4329615965207, 
        1296.4764358682485, 
        1298.0755947532684, 
        1296.430250359153, 
        1297.2657036181884, 
        1296.8378257158456, 
        1296.874479346954, 
        1297.573038484235, 
        1296.4937891753011, 
        1297.6284797738633, 
        1296.5288858704532, 
        1297.0750436439976, 
        1296.850181467853, 
        1296.8886903730734
      ], 
      "std": [
        0.0, 
        1076.9238528454064, 
        1015.1370112218024, 
        922.3773436009674, 
        1017.1987316539035, 
        950.8915589814703, 
        985.2538797460451, 
        983.7464669383361, 
        973.1179623230361, 
        987.8961464124683, 
        972.2950462530613, 
        984.3800194917272, 
        976.8763976637917, 
        979.8752841764299, 
        981.1143344628221, 
        977.7211486505397, 
        980.8897095590728, 
        978.0655037764323, 
        979.9159919267851, 
        979.7636210378969, 
        979.3617419667916, 
        980.25564613924, 
        978.9449593966518, 
        979.9443764200379, 
        979.2818196337759, 
        979.3005294193077, 
        980.267218712303, 
        979.0891196079814, 
        979.9251036869052, 
        979.3400497715855, 
        979.7296405680752, 
        979.6305603945335, 
        979.3946378922813, 
        980.0493714254841, 
        979.2469657358778, 
        979.7869082076859, 
        979.3982546103399, 
        979.579802812533, 
        979.7699620280266, 
        979.295233803593, 
        979.8788143542714, 
        979.2473943367708, 
        979.6548862214022, 
        979.3707902175588, 
        979.6469739854584
      ], 
      "s": [
        1, 
        2, 
        3, 
        4, 
        5, 
        6, 
        7, 
        8, 
        9, 
        10, 
        11, 
        12, 
        13, 
        14, 
        15, 
        16, 
        17, 
        18, 
        19, 
        20, 
        21, 
        22, 
        23, 
        24, 
        25, 
        26, 
        27, 
        28, 
        29, 
        30, 
        31, 
        32, 
        33, 
        34, 
        35, 
        36, 
        37, 
        38, 
        39, 
        40, 
        41, 
        42, 
        43, 
        44, 
        45
      ]
    }
  }, 
  "grid": {
    "0": {
      "mu": [
        2166.424046363598, 
        1211.6069911445297, 
        1716.0317641183535, 
        1449.7027919148975, 
        1522.3534981227488, 
        1548.7880005482555, 
        1495.7766018671125, 
        1588.6698391916818, 
        1504.6182072021415, 
        1557.0638845461356, 
        1521.2950498639304, 
        1531.3494946692429, 
        1538.8038501720573, 
        1523.4784556344814, 
        1547.823227342487, 
        1524.4558447910854, 
        1540.948732528806, 
        1529.7821994112046, 
        1533.3484977478604, 
        1537.0631495537696, 
        1529.6453801780606, 
        1538.8906907271535, 
        1529.7818885626552, 
        1536.2734474151357, 
        1532.266285039257, 
        1534.2683163283368, 
        1536.236974055335, 
        1532.0075799006086, 
        1535.8879588990924, 
        1531.9686529397093, 
        1534.652407676585, 
        1533.408805667781, 
        1534.0706744246697, 
        1535.3839738387674, 
        1533.1574189360906, 
        1534.6806015878808, 
        1533.0626030045757, 
        1534.0398998101434, 
        1533.9937715534782, 
        1533.6859458282074, 
        1534.890518186625, 
        1533.785818652263, 
        1534.137485925237, 
        1533.6900986709984, 
        1533.8501760304655
      ],