{
  "AEP": [
    182345689.27078226, 
    50785825.728026032, 
    76116097.628400192, 
    68840203.897841468, 
    71533880.517773703, 
    68375915.062745184, 
    70795928.006899908, 
    68569228.106822342, 
    70333127.799881071, 
    68922123.788218632, 
    69748780.194390804, 
    69256849.240836561, 
    69577170.625549272, 
    69200719.888461202, 
    69574897.968577251, 
    69164154.048701555, 
    69595743.288660899, 
    69213453.289770052, 
    69451061.936959013, 
    69302674.344101161, 
    69402752.647609055, 
    69302551.068041682, 
    69410142.600603461, 
    69272312.409510776, 
    69449747.095711619, 
    69283434.906455919, 
    69385567.588105723, 
    69320117.548579589, 
    69360942.228976801, 
    69332650.503103927, 
    69364708.198128313, 
    69310026.66363138, 
    69387580.497276142, 
    69311278.283449709, 
    69363459.80528897, 
    69329274.033478126, 
    69347231.629755989, 
    69341222.470027298, 
    69348377.850866005, 
    69320556.758300737, 
    69362276.661233097, 
    69315947.51958771, 
    69354402.099418551, 
    69323477.777878404, 
    69342241.922780082, 
    69338029.017629996, 
    69341854.335448489, 
    69322517.713813066, 
    69350604.139142573, 
    69318061.152566537
  ], 
  "samples": [
    1, 
    2, 
    3, 
    4, 
    5, 
    6, 
    7, 
    8, 
    9, 
    10, 
    11, 
    12, 
    13, 
    14, 
    15, 
    16, 
    17, 
    18, 
    19, 
    20, 
    21, 
    22, 
    23, 
    24, 
    25, 
    26, 
    27, 
    28, 
    29, 
    30, 
    31, 
    32, 
    33, 
    34, 
    35, 
    36, 
    37, 
    38, 
    39, 
    40, 
    41, 
    42, 
    43, 
    44, 
    45, 
    46, 
    47, 
    48, 
    49, 
    50
  ]
}