{
  "turbineYopt": [
    720.1744044481288, 
    392.8173450295, 
    239.06177141005747, 
    1452.0607646357569, 
    945.5165649835642, 
    703.6667019536408, 
    435.6362296983186, 
    197.52281623263232, 
    1697.4510916693323, 
    1274.528601175136, 
    985.1028502969374, 
    688.0328969594506, 
    544.3691002649098, 
    281.14119801508866, 
    2409.5340198005956, 
    1919.46196040243, 
    1782.0028208111592, 
    1269.2939287053296, 
    1013.044914930714, 
    755.1289038606218, 
    657.3593156906073, 
    2171.8813332710074, 
    2500.0017819085533, 
    1960.129399852681, 
    1586.597424976573, 
    1330.5712626214483, 
    1035.528578778646, 
    2917.5559031597413, 
    2647.434743965021, 
    2495.499566331845, 
    2135.417827634501, 
    1999.0828377110129, 
    1676.3528775415082, 
    1583.4599233838182, 
    3445.712028274991, 
    3127.5985780819697, 
    2924.7954086722707, 
    2744.420835314353, 
    2478.271505851272, 
    2195.0895769478498, 
    2090.740164103962, 
    3675.679175730849, 
    3459.1794981369253, 
    3370.4899062398895, 
    3183.1683278929345, 
    2824.6244277423516, 
    2719.2635303003062, 
    2618.483495879775, 
    4299.487617464546, 
    4047.957450189667, 
    3875.7784717116824, 
    3648.823487453441, 
    3378.2528696340855, 
    3241.0098178589974, 
    4877.793224238012, 
    4608.108919786705, 
    4319.293790611078, 
    3847.027398011782, 
    4433.296371976217, 
    4181.261585796641
  ], 
  "turbineY": [
    946.129457867374, 
    724.9525925925927, 
    513.8433601791924, 
    1359.6278074875652, 
    1138.951213279097, 
    924.6081778579356, 
    714.3654403489461, 
    510.5903088554787, 
    1769.8923540999954, 
    1544.6151909130422, 
    1332.639463595231, 
    1127.4975661310395, 
    922.355668666848, 
    718.0802661070676, 
    2180.1569007124253, 
    1956.7467745625095, 
    1745.2713183110113, 
    1536.0291229346478, 
    1330.8872254704565, 
    1128.979131014026, 
    940.0062485886397, 
    2365.644555204216, 
    2152.8023329819935, 
    1950.5280146874654, 
    1741.285819311102, 
    1541.2447618917085, 
    1347.6713104878372, 
    2782.876978898481, 
    2567.3012247348106, 
    2357.192534454037, 
    2154.9182161595086, 
    1953.5103927693908, 
    1760.437212431833, 
    1574.8321802424225, 
    3191.7747595401875, 
    2974.832239405793, 
    2770.32466023613, 
    2560.215969955356, 
    2362.5422206393123, 
    2164.8684713232697, 
    1984.8645502449701, 
    3389.3311311586103, 
    3183.4567860182233, 
    2975.215132774486, 
    2775.3081225833084, 
    2579.5014103043018, 
    2398.130723255279, 
    2215.3932702355314, 
    3801.962985874391, 
    3596.588911800317, 
    3387.4807636521687, 
    3182.4729134161926, 
    2996.001386322371, 
    2808.163093257827, 
    4006.4872345746494, 
    3797.879357492814, 
    3594.738544293875, 
    3400.4326452138084, 
    4007.5044462378705, 
    3813.1985471578037
  ], 
  "turbineX": [
    527.858054571948, 
    896.0113263903892, 
    1291.5358354698578, 
    551.0045708505643, 
    910.8231996164467, 
    1304.4806716588782, 
    1713.4406638357038, 
    2126.1347300866037, 
    572.2840500921436, 
    925.1348017761907, 
    1307.2238277583024, 
    1714.8170539644043, 
    2122.410280170506, 
    2543.438989473965, 
    593.563529333723, 
    943.1804780100092, 
    1316.9348609395615, 
    1709.2255670112693, 
    2116.818793217371, 
    2526.2790564605098, 
    2943.2074678517965, 
    959.3591172067906, 
    1328.012660091545, 
    1715.7027971847679, 
    2107.9935032564754, 
    2514.219963491853, 
    2924.1804978013047, 
    976.038027469885, 
    1334.4898902650434, 
    1713.3451132393939, 
    2101.0352503326167, 
    2502.1608705231965, 
    2903.7867617800894, 
    3292.4774410059376, 
    992.2166666666665, 
    1345.567689417027, 
    1714.721503368094, 
    2093.5767263424445, 
    2488.2347405175024, 
    2882.8927546925597, 
    3261.882024895126, 
    1352.0449195905248, 
    1716.0978934967943, 
    2091.719313463384, 
    2467.8410044962866, 
    2859.265215663583, 
    3233.1536458213513, 
    3601.9412359343205, 
    1361.7559527717845, 
    1717.4742836254948, 
    2079.660220494727, 
    2457.1486774983537, 
    2832.403873626846, 
    3202.5582297105393, 
    1716.983636717158, 
    2070.8349305338315, 
    2445.0895845296973, 
    2811.509866539317, 
    2424.6958485084815, 
    2791.1161305181013
  ], 
  "turbineXopt": [
    611.849068785182, 
    778.3018122318405, 
    1048.120049454574, 
    247.61835564512796, 
    497.2683082482486, 
    1088.5386635171678, 
    1642.019903139242, 
    2160.0921004826287, 
    186.8609644254206, 
    806.1572321478084, 
    1362.7760868149237, 
    1916.19839300296, 
    2124.2093699876245, 
    2610.573317822541, 
    80.54302783913555, 
    859.2310598226758, 
    1189.7530837797524, 
    1723.8426954831186, 
    2247.2425937430207, 
    2953.887409683225, 
    3187.016017337993, 
    873.098370264686, 
    1229.0236243482602, 
    1771.4521075600512, 
    2130.966414448641, 
    2677.457195193265, 
    3273.4549574953408, 
    456.067729001037, 
    1023.666414737466, 
    1700.4097471597174, 
    2309.9428683695382, 
    2734.974409911691, 
    3535.9052359563607, 
    3771.019555148623, 
    183.09250244962945, 
    1107.759195952996, 
    1822.3637331835432, 
    2356.052789801477, 
    2826.2959454075653, 
    3447.789291341095, 
    3678.0479970975266, 
    1018.0093512885505, 
    1579.174548535016, 
    1815.906456705179, 
    2695.8715441372565, 
    3318.5754148671713, 
    3548.3730061655415, 
    3780.2161213707573, 
    896.8673399618345, 
    1492.7373961906815, 
    1899.3133834141374, 
    2706.3693118985466, 
    3224.896632053308, 
    3657.653375655513, 
    1351.3384676162543, 
    1943.088003883433, 
    2559.0048153380117, 
    3283.6273017261674, 
    2333.369596917035, 
    2770.794688641872
  ], 
  "std": 45.26688743482562, 
  "layout": "layout2", 
  "power": [
    90007.85302825707, 
    88616.25515273804, 
    82716.41499820254, 
    83441.126706989, 
    77427.34361042347, 
    79882.59217982458, 
    88330.91595517262, 
    85968.06542007026, 
    79989.1625916206, 
    88163.87994279392
  ], 
  "windspeeds": [
    8.0, 
    8.0, 
    8.0, 
    8.0, 
    8.0, 
    8.0, 
    8.0, 
    8.0, 
    8.0, 
    8.0
  ], 
  "winddirections": [
    241.5, 
    274.5, 
    307.5, 
    340.5, 
    13.5, 
    46.5, 
    79.5, 
    142.5, 
    175.5, 
    208.5
  ], 
  "samples": 10, 
  "uncertain_variable": "direction", 
  "method": "rect", 
  "mean": 717.93851633443637
}