{
  "turbineYopt": [
    1075.5056255606905, 
    367.69824342498754, 
    831.74707078027, 
    1315.3602523873392, 
    536.3606237074305, 
    783.7735811115875, 
    676.9616241062488, 
    197.00177587118472, 
    1691.9481897572996, 
    1526.5582782931924, 
    615.1112008291448, 
    1275.633940018698, 
    1045.8617952856896, 
    797.666751881758, 
    2212.877940513013, 
    2464.76314055656, 
    1444.6268765777302, 
    1867.6481880228441, 
    1454.5676872894262, 
    1211.5561456668759, 
    579.7149947575298, 
    3334.9722819270646, 
    2636.185512910157, 
    2289.2182929656137, 
    2369.671631216193, 
    1522.9552531982674, 
    1393.3937211802588, 
    3584.9404747163644, 
    3177.3108474089227, 
    2732.532859900208, 
    2413.6057027716442, 
    2121.896568758366, 
    963.3611022629441, 
    1135.9854883775647, 
    3822.6917193550685, 
    3427.2790401982224, 
    2886.766701383111, 
    3030.49181744764, 
    2538.3849262830663, 
    2600.181088682153, 
    1678.7809241456973, 
    4569.058521243286, 
    3060.648018055835, 
    3939.80069413926, 
    2787.3042619315083, 
    2849.100424330595, 
    2734.360192472409, 
    2420.6162263257133, 
    4781.726300733763, 
    4070.2797210791964, 
    3735.666890105555, 
    4331.5814827922695, 
    2485.4408568239674, 
    3255.2549460362716, 
    4416.413198447539, 
    4192.595521324806, 
    4542.228731974699, 
    3679.8623676433735, 
    4719.336639962266, 
    3840.4362064616703
  ], 
  "turbineY": [
    946.129457867374, 
    724.9525925925927, 
    513.8433601791924, 
    1359.6278074875652, 
    1138.951213279097, 
    924.6081778579356, 
    714.3654403489461, 
    510.5903088554787, 
    1769.8923540999954, 
    1544.6151909130422, 
    1332.639463595231, 
    1127.4975661310395, 
    922.355668666848, 
    718.0802661070676, 
    2180.1569007124253, 
    1956.7467745625095, 
    1745.2713183110113, 
    1536.0291229346478, 
    1330.8872254704565, 
    1128.979131014026, 
    940.0062485886397, 
    2365.644555204216, 
    2152.8023329819935, 
    1950.5280146874654, 
    1741.285819311102, 
    1541.2447618917085, 
    1347.6713104878372, 
    2782.876978898481, 
    2567.3012247348106, 
    2357.192534454037, 
    2154.9182161595086, 
    1953.5103927693908, 
    1760.437212431833, 
    1574.8321802424225, 
    3191.7747595401875, 
    2974.832239405793, 
    2770.32466023613, 
    2560.215969955356, 
    2362.5422206393123, 
    2164.8684713232697, 
    1984.8645502449701, 
    3389.3311311586103, 
    3183.4567860182233, 
    2975.215132774486, 
    2775.3081225833084, 
    2579.5014103043018, 
    2398.130723255279, 
    2215.3932702355314, 
    3801.962985874391, 
    3596.588911800317, 
    3387.4807636521687, 
    3182.4729134161926, 
    2996.001386322371, 
    2808.163093257827, 
    4006.4872345746494, 
    3797.879357492814, 
    3594.738544293875, 
    3400.4326452138084, 
    4007.5044462378705, 
    3813.1985471578037
  ], 
  "turbineX": [
    527.858054571948, 
    896.0113263903892, 
    1291.5358354698578, 
    551.0045708505643, 
    910.8231996164467, 
    1304.4806716588782, 
    1713.4406638357038, 
    2126.1347300866037, 
    572.2840500921436, 
    925.1348017761907, 
    1307.2238277583024, 
    1714.8170539644043, 
    2122.410280170506, 
    2543.438989473965, 
    593.563529333723, 
    943.1804780100092, 
    1316.9348609395615, 
    1709.2255670112693, 
    2116.818793217371, 
    2526.2790564605098, 
    2943.2074678517965, 
    959.3591172067906, 
    1328.012660091545, 
    1715.7027971847679, 
    2107.9935032564754, 
    2514.219963491853, 
    2924.1804978013047, 
    976.038027469885, 
    1334.4898902650434, 
    1713.3451132393939, 
    2101.0352503326167, 
    2502.1608705231965, 
    2903.7867617800894, 
    3292.4774410059376, 
    992.2166666666665, 
    1345.567689417027, 
    1714.721503368094, 
    2093.5767263424445, 
    2488.2347405175024, 
    2882.8927546925597, 
    3261.882024895126, 
    1352.0449195905248, 
    1716.0978934967943, 
    2091.719313463384, 
    2467.8410044962866, 
    2859.265215663583, 
    3233.1536458213513, 
    3601.9412359343205, 
    1361.7559527717845, 
    1717.4742836254948, 
    2079.660220494727, 
    2457.1486774983537, 
    2832.403873626846, 
    3202.5582297105393, 
    1716.983636717158, 
    2070.8349305338315, 
    2445.0895845296973, 
    2811.509866539317, 
    2424.6958485084815, 
    2791.1161305181013
  ], 
  "turbineXopt": [
    431.17217520763876, 
    893.624308287389, 
    1890.9155506147708, 
    351.3122915274898, 
    705.3137038290374, 
    757.2243075872087, 
    2090.7888392523896, 
    2438.5619982722037, 
    1197.5755109712456, 
    212.37621072300772, 
    945.5349120455603, 
    1333.2442389524062, 
    2845.2223454253476, 
    2797.1904649545822, 
    577.9422994115338, 
    556.4479701505808, 
    1145.2303028847966, 
    1379.3376779086996, 
    2584.6299056086286, 
    2654.2950729795443, 
    3135.5019965218225, 
    518.4657603459118, 
    1350.9118083408139, 
    2179.969553450992, 
    2419.625794971822, 
    1385.5894470388553, 
    2829.916657752034, 
    556.1983002699093, 
    716.0782954775333, 
    1584.6318748578342, 
    1959.888383554274, 
    2369.472308955671, 
    2606.2631925087785, 
    3463.5002525293876, 
    470.2786534683927, 
    753.8108354015303, 
    1384.3325915187052, 
    2721.064165756547, 
    2607.8909094997844, 
    2853.0216797853977, 
    3425.676999563956, 
    835.7581995063651, 
    1200.83012148443, 
    1754.4151231210349, 
    2652.0158271077376, 
    2897.146597393351, 
    3122.407599797028, 
    3784.6803422767916, 
    972.434886862749, 
    521.3474520952728, 
    1903.5369186030925, 
    2540.1511806101607, 
    3078.282682189075, 
    3733.296121057274, 
    1873.5685824462334, 
    1756.037788827635, 
    2092.8362644798194, 
    3379.5380190282503, 
    1912.4458925067638, 
    3184.2845006692405
  ], 
  "std": 51.534857735201463, 
  "layout": "layout2", 
  "power": [
    81774.60781618021, 
    80711.89938006361, 
    85703.15180550219, 
    85054.34398347068, 
    71774.47560653317, 
    66801.77346864372, 
    77014.86127951115, 
    77535.31898418843, 
    66614.62366140669, 
    74115.98939889818, 
    81815.19436251107, 
    81858.30039139403, 
    79627.76991635945, 
    86449.88789343263, 
    84483.22656276575, 
    77307.23906315585, 
    78149.26364891951, 
    66559.3922231605, 
    72869.93170814344, 
    82304.56164339684
  ], 
  "windspeeds": [
    8.0, 
    8.0, 
    8.0, 
    8.0, 
    8.0, 
    8.0, 
    8.0, 
    8.0, 
    8.0, 
    8.0, 
    8.0, 
    8.0, 
    8.0, 
    8.0, 
    8.0, 
    8.0, 
    8.0, 
    8.0, 
    8.0, 
    8.0
  ], 
  "winddirections": [
    233.25, 
    249.75, 
    266.25, 
    282.75, 
    299.25, 
    315.75, 
    332.25, 
    348.75, 
    5.25, 
    21.75, 
    38.25, 
    54.75, 
    71.25, 
    87.75, 
    104.25, 
    150.75, 
    167.25, 
    183.75, 
    200.25, 
    216.75
  ], 
  "samples": 20, 
  "uncertain_variable": "direction", 
  "method": "rect", 
  "mean": 685.88438799716516
}