{
  "turbineYopt": [
    136.34853424833878, 
    353.1894928987608, 
    668.9873853343651, 
    322.6116107021731, 
    602.1995110887221, 
    921.6724094523737, 
    1246.1540981462078, 
    1622.592825993118, 
    587.8742257485699, 
    882.7021063974582, 
    1194.3299100098575, 
    1577.5068845408553, 
    1777.8192219425168, 
    2073.5519741916482, 
    847.961161345789, 
    1136.803037429797, 
    1332.763348106744, 
    1717.193991875233, 
    2028.7045318293704, 
    2373.8867071212126, 
    2709.946636596648, 
    1287.8981942925868, 
    1664.9068315732766, 
    1999.6492897981623, 
    2352.9273617767817, 
    2668.966882494221, 
    3010.0471239576113, 
    1637.493419812995, 
    1947.5054997248, 
    2279.3770577505306, 
    2637.203784008537, 
    2977.5642995346593, 
    3283.311188697927, 
    3516.756131346174, 
    1903.1982934280927, 
    2250.0827103895035, 
    2615.9836393537867, 
    2906.2193173338364, 
    3304.3342202306926, 
    3481.390446501621, 
    3810.2895371309764, 
    2588.306913664118, 
    2885.1200229487104, 
    3053.1413728528332, 
    3443.990357001693, 
    3777.6984920898544, 
    4084.3599814513504, 
    4294.231352020264, 
    2900.0074474135504, 
    3100.684363914587, 
    3385.6035934043484, 
    3709.3187953943534, 
    4034.2429365925777, 
    4318.7925716686495, 
    3371.9578864350624, 
    3670.7815649961653, 
    3990.878789343388, 
    4319.800141287898, 
    4327.077018648217, 
    4577.065195574378
  ], 
  "turbineY": [
    396.15021449676374, 
    621.0511999999999, 
    876.9892289935274, 
    641.0884320865703, 
    858.4641103414244, 
    1110.9096320865701, 
    1379.8818755768614, 
    1655.8391335639167, 
    882.5341424279949, 
    1090.9084061860856, 
    1333.812220682849, 
    1604.2605714215224, 
    1874.7089221601955, 
    2158.1914873956325, 
    1123.9798527694197, 
    1330.33771652751, 
    1565.716223775892, 
    1819.6378527694196, 
    2090.0862035080927, 
    2364.027061495148, 
    2651.9379484757305, 
    1566.274519620553, 
    1796.1441196205528, 
    2049.5254558624624, 
    2303.4470848559895, 
    2575.371542843045, 
    2854.281015326864, 
    1807.1799372103594, 
    2026.0317227135956, 
    2266.9191372103596, 
    2520.300473452269, 
    2786.716024190942, 
    3058.100189426379, 
    3321.418754661816, 
    2043.1167403034024, 
    2256.459618558257, 
    2491.2978330550204, 
    2732.1852475517844, 
    2994.5679982904576, 
    3256.9507490291303, 
    3514.220114264567, 
    2486.3472216512996, 
    2715.6765288996817, 
    2954.5475433964452, 
    3198.387172389973, 
    3458.7535231286456, 
    3710.5139811157005, 
    3956.765531854374, 
    2718.2512247443424, 
    2940.0552247443425, 
    3165.8920247443425, 
    3408.2555464894876, 
    3658.539897228161, 
    3903.3153407184523, 
    3160.9414133406212, 
    3379.2529060922398, 
    3619.600027837385, 
    3857.3904568309126, 
    3823.4192019369007, 
    4061.209630930428
  ], 
  "turbineX": [
    2270.0210989377038, 
    2675.6922325016203, 
    3086.7275023074462, 
    1895.7721365186094, 
    2296.4746555857623, 
    2709.526325391588, 
    3127.0063169425603, 
    3540.4535084935324, 
    1523.5395740995152, 
    1924.7823859182863, 
    2329.372933978967, 
    2741.3440182815566, 
    3153.3151025841466, 
    3571.730908631882, 
    1151.3070116804213, 
    1549.0573162508103, 
    1948.679249814727, 
    2356.2220123721713, 
    2768.1930966747614, 
    3178.147780977351, 
    3580.036865279941, 
    1175.3486465833341, 
    1573.494472898869, 
    1972.0358209595495, 
    2379.5785835169936, 
    2786.040760571202, 
    3188.4701376254093, 
    794.1146696674764, 
    1189.3082814862473, 
    1590.406322298546, 
    1988.9476703592263, 
    2393.9337401650523, 
    2791.3945027224963, 
    3174.8852362864136, 
    420.4060000000002, 
    814.1235045703893, 
    1204.7440236375423, 
    1605.842064449841, 
    2003.843119758903, 
    2401.844175067966, 
    2774.857386886737, 
    429.9373131577677, 
    819.0817249765386, 
    1216.6872585404553, 
    1606.76748485599, 
    2001.2760329166706, 
    2372.81313748706, 
    2742.874134809067, 
    49.243628993527864, 
    433.419426315535, 
    824.5802381343061, 
    1220.169371698223, 
    1597.2153835169938, 
    1972.7852880873827, 
    49.773527654531335, 
    435.9657249765387, 
    828.0623512920736, 
    1207.6650558624626, 
    430.9867163891604, 
    810.5894209595494
  ], 
  "turbineXopt": [
    2360.6092592359446, 
    2739.592558539515, 
    3194.7307943426977, 
    1947.842519853684, 
    2332.6498571490874, 
    2746.195641503152, 
    3135.4472506040383, 
    3794.4992968054758, 
    1636.4969683896031, 
    1947.0248785828944, 
    2349.266706457476, 
    2786.6120990860727, 
    3148.932437304032, 
    3761.8912425277485, 
    1102.1092640732288, 
    1521.5167622093934, 
    1927.4699951023085, 
    2351.066729096081, 
    2745.8832247684877, 
    3166.477726944546, 
    3567.9820434664402, 
    1037.9093364338923, 
    1476.6915808228052, 
    1900.5073884421377, 
    2389.3412101017584, 
    2778.741739309619, 
    3212.4477393320176, 
    664.9324497487956, 
    1071.2485064374139, 
    1498.49406187452, 
    1935.968674556406, 
    2403.124914685779, 
    2774.871563051184, 
    3413.5299642822224, 
    272.00761714544626, 
    690.6397549347375, 
    1123.3416070158432, 
    1507.577380717621, 
    1946.380710694063, 
    2307.0289493949035, 
    2777.2418798421413, 
    334.9669694801203, 
    711.7753868049465, 
    1080.7118142815402, 
    1523.1379343696278, 
    1931.6084782610437, 
    2326.388225254645, 
    2597.4593970131355, 
    7.31262065740422, 
    342.3967564120544, 
    708.017472733333, 
    1086.0723440388922, 
    1553.2377089600038, 
    1904.6180777123652, 
    8.858069506554955, 
    313.8808345107725, 
    744.4989114481109, 
    1114.1321919008267, 
    325.9391577127751, 
    619.1251878587635
  ], 
  "std": 38.443483563280232, 
  "layout": "layout1", 
  "power": [
    93601.76223587671, 
    89151.67440656656, 
    91412.7634081191, 
    90067.71326323233, 
    91479.9682079298
  ], 
  "windspeeds": [
    8.0, 
    8.0, 
    8.0, 
    8.0, 
    8.0
  ], 
  "winddirections": [
    258.0, 
    324.0, 
    30.0, 
    96.0, 
    192.0
  ], 
  "samples": 5, 
  "uncertain_variable": "direction", 
  "method": "rect", 
  "mean": 763.610591727876
}