{
  "turbineYopt": [
    1091.8308079442954, 
    590.7446662253395, 
    10.081999890847538, 
    1394.445568296726, 
    922.2879744347127, 
    569.05245013347, 
    259.68713431180726, 
    45.9813282927117, 
    1778.0778450963167, 
    1572.1756765429247, 
    1113.4493036914366, 
    716.4590433023407, 
    540.5455480128077, 
    352.64625690414994, 
    2517.221687254754, 
    1958.4988711422682, 
    1736.5631690838095, 
    1273.4979997645733, 
    1108.1715842739395, 
    831.7523886118731, 
    579.71499475753, 
    2398.9250648192487, 
    2444.76030027198, 
    1945.196662115008, 
    1686.5952507226516, 
    1427.562011097572, 
    1212.8285489508128, 
    3160.3179450456555, 
    2934.3851470014692, 
    2430.3492964879065, 
    2142.598935836553, 
    1915.850522367983, 
    1643.87979021756, 
    1440.7432286733936, 
    3990.810784424068, 
    3444.3189386664444, 
    3179.4885810860496, 
    2609.1315180008305, 
    2395.1293331798556, 
    2188.5649706710624, 
    2030.6787046358088, 
    3696.458958936713, 
    3675.8347852324982, 
    3421.441978306545, 
    2845.725833316418, 
    3068.972427801867, 
    2800.408857343643, 
    2557.771716075843, 
    4652.883820398313, 
    4420.794862509088, 
    3876.9359528238538, 
    3667.9804480466423, 
    3495.3205223165196, 
    3318.5676398376145, 
    4884.944118974584, 
    4645.547850527698, 
    4328.325429394572, 
    3924.1861164447882, 
    4466.357634209009, 
    4190.293224580136
  ], 
  "turbineY": [
    946.129457867374, 
    724.9525925925927, 
    513.8433601791924, 
    1359.6278074875652, 
    1138.951213279097, 
    924.6081778579356, 
    714.3654403489461, 
    510.5903088554787, 
    1769.8923540999954, 
    1544.6151909130422, 
    1332.639463595231, 
    1127.4975661310395, 
    922.355668666848, 
    718.0802661070676, 
    2180.1569007124253, 
    1956.7467745625095, 
    1745.2713183110113, 
    1536.0291229346478, 
    1330.8872254704565, 
    1128.979131014026, 
    940.0062485886397, 
    2365.644555204216, 
    2152.8023329819935, 
    1950.5280146874654, 
    1741.285819311102, 
    1541.2447618917085, 
    1347.6713104878372, 
    2782.876978898481, 
    2567.3012247348106, 
    2357.192534454037, 
    2154.9182161595086, 
    1953.5103927693908, 
    1760.437212431833, 
    1574.8321802424225, 
    3191.7747595401875, 
    2974.832239405793, 
    2770.32466023613, 
    2560.215969955356, 
    2362.5422206393123, 
    2164.8684713232697, 
    1984.8645502449701, 
    3389.3311311586103, 
    3183.4567860182233, 
    2975.215132774486, 
    2775.3081225833084, 
    2579.5014103043018, 
    2398.130723255279, 
    2215.3932702355314, 
    3801.962985874391, 
    3596.588911800317, 
    3387.4807636521687, 
    3182.4729134161926, 
    2996.001386322371, 
    2808.163093257827, 
    4006.4872345746494, 
    3797.879357492814, 
    3594.738544293875, 
    3400.4326452138084, 
    4007.5044462378705, 
    3813.1985471578037
  ], 
  "turbineX": [
    527.858054571948, 
    896.0113263903892, 
    1291.5358354698578, 
    551.0045708505643, 
    910.8231996164467, 
    1304.4806716588782, 
    1713.4406638357038, 
    2126.1347300866037, 
    572.2840500921436, 
    925.1348017761907, 
    1307.2238277583024, 
    1714.8170539644043, 
    2122.410280170506, 
    2543.438989473965, 
    593.563529333723, 
    943.1804780100092, 
    1316.9348609395615, 
    1709.2255670112693, 
    2116.818793217371, 
    2526.2790564605098, 
    2943.2074678517965, 
    959.3591172067906, 
    1328.012660091545, 
    1715.7027971847679, 
    2107.9935032564754, 
    2514.219963491853, 
    2924.1804978013047, 
    976.038027469885, 
    1334.4898902650434, 
    1713.3451132393939, 
    2101.0352503326167, 
    2502.1608705231965, 
    2903.7867617800894, 
    3292.4774410059376, 
    992.2166666666665, 
    1345.567689417027, 
    1714.721503368094, 
    2093.5767263424445, 
    2488.2347405175024, 
    2882.8927546925597, 
    3261.882024895126, 
    1352.0449195905248, 
    1716.0978934967943, 
    2091.719313463384, 
    2467.8410044962866, 
    2859.265215663583, 
    3233.1536458213513, 
    3601.9412359343205, 
    1361.7559527717845, 
    1717.4742836254948, 
    2079.660220494727, 
    2457.1486774983537, 
    2832.403873626846, 
    3202.5582297105393, 
    1716.983636717158, 
    2070.8349305338315, 
    2445.0895845296973, 
    2811.509866539317, 
    2424.6958485084815, 
    2791.1161305181013
  ], 
  "turbineXopt": [
    470.57372669546106, 
    677.6608006263317, 
    972.9130062762694, 
    305.1633450884622, 
    658.0923044859895, 
    993.9884603573066, 
    1580.9787427412616, 
    2001.0279780686112, 
    174.82294228029744, 
    669.6216967042134, 
    1206.0743095446255, 
    1593.3104423980014, 
    2203.800718201928, 
    2660.306211677017, 
    64.46466091414516, 
    537.703404721888, 
    1027.147399301985, 
    1589.2586666221355, 
    1988.0725413677537, 
    2859.171658803282, 
    3135.5019965218225, 
    383.2399812689151, 
    967.3504569650812, 
    1551.77641168757, 
    2007.080488051451, 
    2631.5398934189225, 
    3220.5648864000023, 
    342.2451379289955, 
    964.3671831231508, 
    1586.204200844379, 
    2023.479633756785, 
    2629.305969443629, 
    3246.559073099738, 
    3685.3895379894984, 
    360.59455425785364, 
    973.120169092361, 
    1545.2750428867912, 
    2059.486738271653, 
    2615.3194564167343, 
    3260.7404688029624, 
    3671.2622117532223, 
    954.8635459898353, 
    1556.6460806803877, 
    2073.584857075347, 
    2613.0574326121987, 
    3172.4250910013347, 
    3747.0093832063567, 
    3676.051189652982, 
    1005.4036932952348, 
    1546.497095798123, 
    2091.8142129740145, 
    2579.526118107952, 
    3172.5503757852002, 
    3728.6309753251962, 
    1549.7757995346208, 
    2058.4165206896573, 
    2545.1471099115583, 
    3165.238732745594, 
    2333.3572366076974, 
    2756.936983215419
  ], 
  "std": 27.84237793505994, 
  "layout": "layout2", 
  "power": [
    87010.8872888362, 
    89982.94712211109, 
    89030.55339227278, 
    79643.48561342778, 
    87036.17444703754, 
    86239.94662549882, 
    80491.86281803547, 
    87439.6416546563, 
    87229.270332519, 
    86861.45196184271, 
    90305.7801000474, 
    83074.60866063343, 
    80854.59373896247, 
    86525.09860543019, 
    88553.89070784979
  ], 
  "windspeeds": [
    8.0, 
    8.0, 
    8.0, 
    8.0, 
    8.0, 
    8.0, 
    8.0, 
    8.0, 
    8.0, 
    8.0, 
    8.0, 
    8.0, 
    8.0, 
    8.0, 
    8.0
  ], 
  "winddirections": [
    236.0, 
    258.0, 
    280.0, 
    302.0, 
    324.0, 
    346.0, 
    8.0, 
    30.0, 
    52.0, 
    74.0, 
    96.0, 
    148.0, 
    170.0, 
    192.0, 
    214.0
  ], 
  "samples": 15, 
  "uncertain_variable": "direction", 
  "method": "rect", 
  "mean": 752.89156725621388
}