{
  "turbineYopt": [
    1576.8900142620134, 
    2219.170882296541, 
    2946.8522553828575, 
    1065.507293374704, 
    1750.9366726925468, 
    2490.067250957402, 
    3130.185941808319, 
    3569.027998685002, 
    632.3345319827306, 
    1286.7005306075378, 
    2095.961336423035, 
    2875.2515452052717, 
    3453.825937587381, 
    3879.0698737627154, 
    256.54310509552556, 
    986.4860566307129, 
    1688.490888008078, 
    2517.186857278085, 
    3209.854595782782, 
    4097.202399496914, 
    4235.500616005092, 
    453.3473170020437, 
    1722.2652469940215, 
    2205.7624026298645, 
    2909.1378775878898, 
    3568.8766934458818, 
    4373.532820819529, 
    347.2082017542788, 
    1172.154864266614, 
    1867.2816178253174, 
    2644.563012175142, 
    3177.9132586691676, 
    4074.788793198292, 
    4880.8303359050515, 
    6.027640803267548, 
    931.530334802694, 
    1655.0741214844704, 
    2296.535781311501, 
    2846.3902143436403, 
    3556.8052066778937, 
    4392.051513522181, 
    257.3086464660574, 
    1172.998715746489, 
    2118.645325309147, 
    2622.2005571253007, 
    3086.576139250671, 
    4031.834731726723, 
    4564.787632297021, 
    374.34879641800285, 
    891.0922474535699, 
    1646.3217435597057, 
    2392.063630097825, 
    3078.6453403969153, 
    3695.649164152476, 
    1116.4344079890054, 
    1764.2239836473354, 
    2264.281031435523, 
    3113.1548571927915, 
    2014.2525075414292, 
    2514.309594767768
  ], 
  "turbineY": [
    1720.6762962962962, 
    2150.0948148148145, 
    2598.1837037037035, 
    1533.9725925925927, 
    1955.922962962963, 
    2404.011851851852, 
    2863.3029629629627, 
    3322.594074074074, 
    1347.2688888888888, 
    1765.485185185185, 
    2202.3718518518517, 
    2657.9288888888887, 
    3113.485925925926, 
    3580.245185185185, 
    1160.5651851851853, 
    1575.0474074074075, 
    2004.465925925926, 
    2448.820740740741, 
    2904.3777777777777, 
    3359.9348148148147, 
    3815.4918518518516, 
    1384.6096296296296, 
    1810.2940740740742, 
    2247.1807407407405, 
    2691.535555555555, 
    3143.3585185185184, 
    3595.181481481481, 
    1190.437777777778, 
    1608.6540740740743, 
    2041.8066666666666, 
    2478.6933333333336, 
    2926.782222222222, 
    3371.137037037037, 
    3800.555555555555, 
    1000.0000000000001, 
    1414.4822222222224, 
    1836.4325925925928, 
    2269.5851851851853, 
    2710.205925925926, 
    3150.8266666666664, 
    3569.042962962963, 
    1212.8422222222223, 
    1631.0585185185187, 
    2060.477037037037, 
    2486.1614814814816, 
    2923.0481481481484, 
    3337.5303703703703, 
    3748.2785185185185, 
    1014.9362962962965, 
    1425.6844444444446, 
    1843.900740740741, 
    2273.3192592592595, 
    2691.5355555555557, 
    3106.0177777777776, 
    1220.3103703703705, 
    1631.0585185185187, 
    2056.7429629629632, 
    2471.225185185185, 
    1832.6985185185188, 
    2247.180740740741
  ], 
  "turbineX": [
    3692.531851851852, 
    3700.0, 
    3685.0637037037036, 
    3322.8585185185184, 
    3334.060740740741, 
    3322.8585185185184, 
    3300.454074074074, 
    3270.5814814814817, 
    2956.9192592592594, 
    2975.5896296296296, 
    2968.1214814814816, 
    2941.982962962963, 
    2915.844444444445, 
    2882.237777777778, 
    2590.9800000000005, 
    2609.65037037037, 
    2605.9162962962964, 
    2590.9800000000005, 
    2564.841481481482, 
    2534.9688888888895, 
    2490.1600000000003, 
    2247.4451851851854, 
    2247.4451851851854, 
    2228.774814814815, 
    2213.838518518519, 
    2183.965925925926, 
    2146.6251851851857, 
    1877.771851851852, 
    1885.2400000000002, 
    1877.771851851852, 
    1859.1014814814814, 
    1832.9629629629633, 
    1799.3562962962965, 
    1765.7496296296301, 
    1515.5666666666666, 
    1526.7688888888888, 
    1519.3007407407408, 
    1511.8325925925928, 
    1485.6940740740743, 
    1459.5555555555557, 
    1425.948888888889, 
    1164.563703703704, 
    1160.8296296296298, 
    1153.3614814814819, 
    1138.425185185185, 
    1112.2866666666669, 
    1082.414074074074, 
    1056.275555555556, 
    802.3585185185188, 
    802.3585185185188, 
    802.3585185185188, 
    791.1562962962967, 
    765.0177777777781, 
    742.6133333333332, 
    447.6214814814816, 
    451.35555555555584, 
    440.15333333333365, 
    425.2170370370368, 
    92.88444444444485, 
    77.948148148148
  ], 
  "turbineXopt": [
    3767.0776096602167, 
    3769.300464823976, 
    3756.020529223785, 
    3457.806503568383, 
    3583.730806330027, 
    3783.2483620723756, 
    3581.9606890958066, 
    3710.176002017668, 
    3170.4130357759695, 
    3103.2705467601936, 
    3110.2808155788493, 
    2989.373584853104, 
    3280.5632591582475, 
    3234.462891951251, 
    2570.6790509466487, 
    2677.5077319527763, 
    2688.6431005679096, 
    2692.1686048356764, 
    2706.8588719601084, 
    2899.189472330521, 
    2687.572969830564, 
    2198.12975048131, 
    2115.745832892208, 
    2316.7315091136384, 
    2219.8690945011185, 
    2323.181067477072, 
    2475.7830965267035, 
    1804.7415218957517, 
    1921.8163778513951, 
    1908.675483996151, 
    1788.6558424970888, 
    1833.9139170137355, 
    1799.1640316501348, 
    1435.618317641602, 
    1206.0387202629936, 
    1373.6839359812986, 
    1527.1354735087712, 
    1336.9679036169769, 
    1321.3459616233963, 
    1333.2214820670317, 
    1402.1915812756772, 
    1233.7153625122, 
    1076.646365102723, 
    748.1584268042042, 
    800.8487856284306, 
    910.5269922754596, 
    529.8570704220202, 
    597.9302364162465, 
    787.6925997386724, 
    524.9416902708272, 
    663.8750654961434, 
    426.5813126057284, 
    383.9328751830503, 
    15.636945280119228, 
    410.360929733894, 
    176.89140074885472, 
    102.23010584070154, 
    3.438110101324731, 
    139.5607532947781, 
    64.89945249829
  ], 
  "std": 36.020514708033993, 
  "layout": "layout3", 
  "power": [
    82474.7475164796, 
    79439.64265838421, 
    80137.09904616668, 
    86953.75252168541, 
    82323.7351819717, 
    82466.51452906754, 
    83509.24771105476, 
    85534.5141153541, 
    79984.72814409561, 
    69806.9640591132, 
    72091.72077125381, 
    79864.81062364181, 
    83595.56048652732, 
    81662.63131322514, 
    82928.25549281234, 
    75534.20448142687, 
    71309.322830993, 
    75311.17354828355, 
    82873.56676457428, 
    84166.54967754513, 
    83911.10230879774, 
    83420.87388438448, 
    82078.56169233327, 
    79361.99415338607, 
    80966.92441391431, 
    86044.43164678245, 
    82518.97144542594, 
    83311.382932553, 
    84060.98954100948, 
    86100.96492187887, 
    83374.10804048118, 
    83309.67323400821, 
    82541.19242451055, 
    76885.23790863968, 
    71366.08061812441, 
    74825.68332422702, 
    81937.78739321847, 
    85623.31397021544, 
    84380.91004147581, 
    84390.55091521094
  ], 
  "windspeeds": [
    8.0, 
    8.0, 
    8.0, 
    8.0, 
    8.0, 
    8.0, 
    8.0, 
    8.0, 
    8.0, 
    8.0, 
    8.0, 
    8.0, 
    8.0, 
    8.0, 
    8.0, 
    8.0, 
    8.0, 
    8.0, 
    8.0, 
    8.0, 
    8.0, 
    8.0, 
    8.0, 
    8.0, 
    8.0, 
    8.0, 
    8.0, 
    8.0, 
    8.0, 
    8.0, 
    8.0, 
    8.0, 
    8.0, 
    8.0, 
    8.0, 
    8.0, 
    8.0, 
    8.0, 
    8.0, 
    8.0
  ], 
  "winddirections": [
    229.125, 
    237.375, 
    245.625, 
    253.875, 
    262.125, 
    270.375, 
    278.625, 
    286.875, 
    295.125, 
    303.375, 
    311.625, 
    319.875, 
    328.125, 
    336.375, 
    344.625, 
    352.875, 
    1.125, 
    9.375, 
    17.625, 
    25.875, 
    34.125, 
    42.375, 
    50.625, 
    58.875, 
    67.125, 
    75.375, 
    83.625, 
    91.875, 
    100.125, 
    108.375, 
    146.625, 
    154.875, 
    163.125, 
    171.375, 
    179.625, 
    187.875, 
    196.125, 
    204.375, 
    212.625, 
    220.875
  ], 
  "samples": 40,