{
  "turbineYopt": [
    1633.28399801079, 
    2031.2984118498036, 
    2773.259205461268, 
    1346.0300562670793, 
    1844.8720714698195, 
    2372.36178952371, 
    3130.86225076853, 
    3755.834965785951, 
    1045.7203105979722, 
    1634.213685673939, 
    2035.3595407586972, 
    2748.9886952281736, 
    3407.999887455324, 
    4051.529421004279, 
    727.3786099907903, 
    1247.7107721489153, 
    1864.1560415438848, 
    2377.195322952233, 
    3114.9880229721784, 
    3732.4403529518104, 
    4400.726936210023, 
    904.5068026563333, 
    1383.4833295959181, 
    2220.617212090657, 
    2769.7191929319047, 
    3393.9851064013446, 
    4005.3692976785824, 
    751.6935014335317, 
    1200.5041788737578, 
    1886.6629612264824, 
    2606.004720583472, 
    3077.4823283360283, 
    3695.0703873667017, 
    4152.642062089119, 
    597.8861780163454, 
    913.8787159865386, 
    1723.427179128261, 
    2234.2236726109104, 
    2797.807293433669, 
    3372.4318196602135, 
    3980.509831266245, 
    763.4683932610966, 
    1421.182348425566, 
    2062.1994677448047, 
    2619.626708003328, 
    3052.5727818524406, 
    3655.676411029719, 
    4452.4918086610705, 
    582.9968360104174, 
    1270.773441888092, 
    1909.6066051623689, 
    2231.5668600187155, 
    2831.959667775907, 
    3332.748825396754, 
    1117.4808784932188, 
    1432.9544527976393, 
    2084.944034308122, 
    2608.040513758002, 
    1671.5811344999802, 
    2358.011989863908
  ], 
  "turbineY": [
    1720.6762962962962, 
    2150.0948148148145, 
    2598.1837037037035, 
    1533.9725925925927, 
    1955.922962962963, 
    2404.011851851852, 
    2863.3029629629627, 
    3322.594074074074, 
    1347.2688888888888, 
    1765.485185185185, 
    2202.3718518518517, 
    2657.9288888888887, 
    3113.485925925926, 
    3580.245185185185, 
    1160.5651851851853, 
    1575.0474074074075, 
    2004.465925925926, 
    2448.820740740741, 
    2904.3777777777777, 
    3359.9348148148147, 
    3815.4918518518516, 
    1384.6096296296296, 
    1810.2940740740742, 
    2247.1807407407405, 
    2691.535555555555, 
    3143.3585185185184, 
    3595.181481481481, 
    1190.437777777778, 
    1608.6540740740743, 
    2041.8066666666666, 
    2478.6933333333336, 
    2926.782222222222, 
    3371.137037037037, 
    3800.555555555555, 
    1000.0000000000001, 
    1414.4822222222224, 
    1836.4325925925928, 
    2269.5851851851853, 
    2710.205925925926, 
    3150.8266666666664, 
    3569.042962962963, 
    1212.8422222222223, 
    1631.0585185185187, 
    2060.477037037037, 
    2486.1614814814816, 
    2923.0481481481484, 
    3337.5303703703703, 
    3748.2785185185185, 
    1014.9362962962965, 
    1425.6844444444446, 
    1843.900740740741, 
    2273.3192592592595, 
    2691.5355555555557, 
    3106.0177777777776, 
    1220.3103703703705, 
    1631.0585185185187, 
    2056.7429629629632, 
    2471.225185185185, 
    1832.6985185185188, 
    2247.180740740741
  ], 
  "turbineX": [
    3692.531851851852, 
    3700.0, 
    3685.0637037037036, 
    3322.8585185185184, 
    3334.060740740741, 
    3322.8585185185184, 
    3300.454074074074, 
    3270.5814814814817, 
    2956.9192592592594, 
    2975.5896296296296, 
    2968.1214814814816, 
    2941.982962962963, 
    2915.844444444445, 
    2882.237777777778, 
    2590.9800000000005, 
    2609.65037037037, 
    2605.9162962962964, 
    2590.9800000000005, 
    2564.841481481482, 
    2534.9688888888895, 
    2490.1600000000003, 
    2247.4451851851854, 
    2247.4451851851854, 
    2228.774814814815, 
    2213.838518518519, 
    2183.965925925926, 
    2146.6251851851857, 
    1877.771851851852, 
    1885.2400000000002, 
    1877.771851851852, 
    1859.1014814814814, 
    1832.9629629629633, 
    1799.3562962962965, 
    1765.7496296296301, 
    1515.5666666666666, 
    1526.7688888888888, 
    1519.3007407407408, 
    1511.8325925925928, 
    1485.6940740740743, 
    1459.5555555555557, 
    1425.948888888889, 
    1164.563703703704, 
    1160.8296296296298, 
    1153.3614814814819, 
    1138.425185185185, 
    1112.2866666666669, 
    1082.414074074074, 
    1056.275555555556, 
    802.3585185185188, 
    802.3585185185188, 
    802.3585185185188, 
    791.1562962962967, 
    765.0177777777781, 
    742.6133333333332, 
    447.6214814814816, 
    451.35555555555584, 
    440.15333333333365, 
    425.2170370370368, 
    92.88444444444485, 
    77.948148148148
  ], 
  "turbineXopt": [
    3800.914000041015, 
    3781.7713481175515, 
    3768.8115957119853, 
    3515.539556236209, 
    3512.1324456373677, 
    3398.9509353858566, 
    3392.9992654377866, 
    3423.548515716366, 
    3228.0428363055785, 
    3104.4428766518326, 
    2926.421798308743, 
    2984.390242693738, 
    2985.162595768759, 
    2969.849385926085, 
    2762.9427709781608, 
    2577.3989333890718, 
    2553.0932005331074, 
    2495.341135733001, 
    2565.1706963816077, 
    2591.494136263853, 
    2434.0577740854196, 
    2161.0195291446666, 
    2183.141618049807, 
    2171.75747915287, 
    2115.5745163284455, 
    2122.792386326341, 
    2078.4823650354783, 
    1959.6344837215556, 
    1849.5385739582994, 
    1709.9190590736878, 
    1779.2654968723332, 
    1772.680979512821, 
    1760.8770709975986, 
    1731.9010576610754, 
    1604.5554310878454, 
    1286.4777579935762, 
    1378.4534947740435, 
    1366.968539426897, 
    1394.0273090404223, 
    1422.6189546753264, 
    1402.4072634530062, 
    1083.2916926744883, 
    814.0364376192307, 
    870.2747626593352, 
    911.600116494684, 
    932.9349732164886, 
    955.5057784790175, 
    908.8256856407677, 
    823.6099631743263, 
    610.8493277097383, 
    668.7225648914871, 
    563.8469458694219, 
    606.8956414960871, 
    554.4990460605984, 
    409.82882608330607, 
    275.495054214263, 
    357.91106325444355, 
    50.904905644695276, 
    192.0374361499727, 
    88.23555309877172
  ], 
  "std": 36.146059992696919, 
  "layout": "layout3", 
  "power": [
    89963.0747550386, 
    86665.75714802646, 
    87668.41521026305, 
    87441.40456335583, 
    88257.30107472755
  ], 
  "windspeeds": [
    8.0, 
    8.0, 
    8.0, 
    8.0, 
    8.0
  ], 
  "winddirections": [
    258.0, 
    324.0, 
    30.0, 
    96.0, 
    192.0
  ], 
  "samples": 5, 
  "uncertain_variable": "direction", 
  "method": "rect", 
  "mean": 736.99466559785424
}