{
  "turbineYopt": [
    1156.0706871431717, 
    20.163999785767214, 
    674.5863970100669, 
    1.6334942192256006, 
    912.8686279433763, 
    1384.098988732289, 
    908.1291007363667, 
    2629.954712784646, 
    412.49767271484114, 
    1708.4678880852762, 
    3302.326945294512, 
    2579.9973224858263, 
    284.51928071920497, 
    772.7560591559945, 
    673.5597439476671, 
    2505.8711166324856, 
    1618.6629083251005, 
    1657.5986134991792, 
    2095.676328987532, 
    1287.3235932836087, 
    2696.10254608093, 
    365.0870695771673, 
    4094.2776484331957, 
    2076.251967791605, 
    3016.118535706289, 
    1630.0004980431843, 
    1769.153157067665, 
    1331.7581486094275, 
    2692.0248070302564, 
    4041.100961133642, 
    1913.8691284745737, 
    3263.04974560808, 
    1552.0464761042742, 
    2862.2666839192802, 
    3882.613818768487, 
    4078.325646434885, 
    4880.204110950561, 
    2019.645478996591, 
    3523.914001739103, 
    3701.920567860564, 
    3559.1901313969847, 
    3021.9494989339128, 
    2368.8069996363347, 
    4643.540338251218, 
    3837.17519158075, 
    3031.4775236398746, 
    3387.630851230333, 
    3959.0723512293175, 
    3240.875367677574, 
    160.52469101115085, 
    2101.8385797531228, 
    4020.5644140192235, 
    4061.9206106534793, 
    4469.195997307248, 
    1057.1270691591214, 
    2127.0063800318303, 
    4330.662716451478, 
    4337.250383218337, 
    2253.8248348448724, 
    3419.6662308093005
  ], 
  "turbineY": [
    396.15021449676374, 
    621.0511999999999, 
    876.9892289935274, 
    641.0884320865703, 
    858.4641103414244, 
    1110.9096320865701, 
    1379.8818755768614, 
    1655.8391335639167, 
    882.5341424279949, 
    1090.9084061860856, 
    1333.812220682849, 
    1604.2605714215224, 
    1874.7089221601955, 
    2158.1914873956325, 
    1123.9798527694197, 
    1330.33771652751, 
    1565.716223775892, 
    1819.6378527694196, 
    2090.0862035080927, 
    2364.027061495148, 
    2651.9379484757305, 
    1566.274519620553, 
    1796.1441196205528, 
    2049.5254558624624, 
    2303.4470848559895, 
    2575.371542843045, 
    2854.281015326864, 
    1807.1799372103594, 
    2026.0317227135956, 
    2266.9191372103596, 
    2520.300473452269, 
    2786.716024190942, 
    3058.100189426379, 
    3321.418754661816, 
    2043.1167403034024, 
    2256.459618558257, 
    2491.2978330550204, 
    2732.1852475517844, 
    2994.5679982904576, 
    3256.9507490291303, 
    3514.220114264567, 
    2486.3472216512996, 
    2715.6765288996817, 
    2954.5475433964452, 
    3198.387172389973, 
    3458.7535231286456, 
    3710.5139811157005, 
    3956.765531854374, 
    2718.2512247443424, 
    2940.0552247443425, 
    3165.8920247443425, 
    3408.2555464894876, 
    3658.539897228161, 
    3903.3153407184523, 
    3160.9414133406212, 
    3379.2529060922398, 
    3619.600027837385, 
    3857.3904568309126, 
    3823.4192019369007, 
    4061.209630930428
  ], 
  "turbineX": [
    2270.0210989377038, 
    2675.6922325016203, 
    3086.7275023074462, 
    1895.7721365186094, 
    2296.4746555857623, 
    2709.526325391588, 
    3127.0063169425603, 
    3540.4535084935324, 
    1523.5395740995152, 
    1924.7823859182863, 
    2329.372933978967, 
    2741.3440182815566, 
    3153.3151025841466, 
    3571.730908631882, 
    1151.3070116804213, 
    1549.0573162508103, 
    1948.679249814727, 
    2356.2220123721713, 
    2768.1930966747614, 
    3178.147780977351, 
    3580.036865279941, 
    1175.3486465833341, 
    1573.494472898869, 
    1972.0358209595495, 
    2379.5785835169936, 
    2786.040760571202, 
    3188.4701376254093, 
    794.1146696674764, 
    1189.3082814862473, 
    1590.406322298546, 
    1988.9476703592263, 
    2393.9337401650523, 
    2791.3945027224963, 
    3174.8852362864136, 
    420.4060000000002, 
    814.1235045703893, 
    1204.7440236375423, 
    1605.842064449841, 
    2003.843119758903, 
    2401.844175067966, 
    2774.857386886737, 
    429.9373131577677, 
    819.0817249765386, 
    1216.6872585404553, 
    1606.76748485599, 
    2001.2760329166706, 
    2372.81313748706, 
    2742.874134809067, 
    49.243628993527864, 
    433.419426315535, 
    824.5802381343061, 
    1220.169371698223, 
    1597.2153835169938, 
    1972.7852880873827, 
    49.773527654531335, 
    435.9657249765387, 
    828.0623512920736, 
    1207.6650558624626, 
    430.9867163891604, 
    810.5894209595494
  ], 
  "turbineXopt": [
    2700.9201254392733, 
    2157.547999625575, 
    1928.857010374654, 
    1458.7022208653907, 
    1522.3139251864266, 
    2214.4615376202237, 
    3353.3921253607314, 
    2428.1820939687723, 
    2401.5618914451197, 
    185.21609552537794, 
    3117.7802093625983, 
    1181.4803270243028, 
    2619.574349167733, 
    2631.4491801375666, 
    635.5514387261766, 
    330.6928088301554, 
    947.6055590172876, 
    2835.9545590852686, 
    3791.3801354487537, 
    1234.6455649435159, 
    3192.4656142034964, 
    921.7214529199795, 
    1914.1663509466885, 
    2962.484641543636, 
    2420.868984955431, 
    1769.407782049972, 
    3339.1495422358853, 
    300.8742810600624, 
    38.365584150503366, 
    2985.8503054051703, 
    2407.8051864550857, 
    2475.0246125179774, 
    3752.1714867076284, 
    3762.2531501093663, 
    294.9667094388007, 
    2556.8537551849, 
    1418.2405748936565, 
    1761.4864972972948, 
    1781.2660545164285, 
    2535.854749632209, 
    3710.900897482319, 
    679.4296841731114, 
    1745.9391507771654, 
    1952.1580702334709, 
    3298.7440460728717, 
    1499.9828170485137, 
    9.186299176813051, 
    1287.4056582202215, 
    215.02782184257123, 
    1219.6848663994642, 
    1057.761907528314, 
    83.12360946703798, 
    1056.4724571521986, 
    432.90888680888656, 
    631.2424261500322, 
    568.9045132332915, 
    2541.5608908091203, 
    648.5437464776305, 
    350.21509144719414, 
    1063.5804647025789
  ], 
  "std": 41.667178760779052, 
  "layout": "layout1", 
  "power": [
    86568.1643962331, 
    85538.10534935196, 
    85671.63920566166, 
    84068.86327218384, 
    84786.73205769173, 
    83485.25830344167, 
    69153.23312653563, 
    71116.04961698179, 
    82842.58715932597, 
    84628.56215225547, 
    84906.13293836171, 
    76925.02262671167, 
    71072.84121802528, 
    78104.6648913357, 
    81605.28460811367, 
    82365.89084882068, 
    83375.00989013157, 
    85039.40129256366, 
    82676.26297046235, 
    84079.65440555009, 
    84629.94107081434, 
    86383.53770758436, 
    80452.63543679875, 
    85508.34250848247, 
    84542.7478497698, 
    75655.85936306865, 
    74266.34007846157, 
    76244.26881198342, 
    84853.43319176976, 
    85814.78124738316
  ], 
  "windspeeds": [
    8.0, 
    8.0, 
    8.0, 
    8.0, 
    8.0, 
    8.0, 
    8.0, 
    8.0, 
    8.0, 
    8.0, 
    8.0, 
    8.0, 
    8.0, 
    8.0, 
    8.0, 
    8.0, 
    8.0, 
    8.0, 
    8.0, 
    8.0, 
    8.0, 
    8.0, 
    8.0, 
    8.0, 
    8.0, 
    8.0, 
    8.0, 
    8.0, 
    8.0, 
    8.0
  ], 
  "winddirections": [
    230.5, 
    241.5, 
    252.5, 
    263.5, 
    274.5, 
    285.5, 
    296.5, 
    307.5, 
    318.5, 
    329.5, 
    340.5, 
    351.5, 
    2.5, 
    13.5, 
    24.5, 
    35.5, 
    46.5, 
    57.5, 
    68.5, 
    79.5, 
    90.5, 
    101.5, 
    142.5, 
    153.5, 
    164.5, 
    175.5, 
    186.5, 
    197.5, 
    208.5, 
    219.5
  ], 
  "samples": 30, 
  "uncertain_variable": "direction", 
  "method": "rect", 
  "mean": 716.90446591553746
}