{
  "turbineYopt": [
    821.1505217994738, 
    420.92005879498714, 
    10.081999890847388, 
    1497.17700340578, 
    1046.4926823349092, 
    560.5676467400476, 
    222.108968953533, 
    18.241839499702113, 
    1996.5864238151933, 
    1271.8348428703446, 
    1183.8282638444161, 
    1259.1729772598585, 
    790.4487092084728, 
    291.20668505077396, 
    2561.484015768429, 
    2061.286460695203, 
    1621.0991583020627, 
    1870.7462022253862, 
    1213.9288083010783, 
    853.0262399463367, 
    610.228799510336, 
    3277.832990578896, 
    2214.178277927547, 
    2236.635964435295, 
    2010.3423609640015, 
    1529.4443643838422, 
    1014.0671963635019, 
    3437.8910979690354, 
    2381.05979112912, 
    2646.8631372583122, 
    2664.345575315702, 
    2072.0412304926185, 
    1481.6588055311765, 
    1241.7132237696844, 
    3977.4984727616797, 
    3030.5441133491317, 
    2899.452538033729, 
    2916.697144620895, 
    2444.2055542344838, 
    1974.3588736618829, 
    1727.738870245137, 
    4178.556376089244, 
    3401.1127288163457, 
    3497.4217094159435, 
    3060.277453777169, 
    2901.3043646309493, 
    2735.096717095825, 
    2452.7837117303366, 
    4736.808478414863, 
    3831.9770856127566, 
    4008.2937888742017, 
    3535.0903501645535, 
    3569.0279986850023, 
    3316.5731620830406, 
    4884.902141775902, 
    4727.8754159862665, 
    4302.928628057042, 
    3890.241006104663, 
    4518.947647036501, 
    4028.2732109190993
  ], 
  "turbineY": [
    946.129457867374, 
    724.9525925925927, 
    513.8433601791924, 
    1359.6278074875652, 
    1138.951213279097, 
    924.6081778579356, 
    714.3654403489461, 
    510.5903088554787, 
    1769.8923540999954, 
    1544.6151909130422, 
    1332.639463595231, 
    1127.4975661310395, 
    922.355668666848, 
    718.0802661070676, 
    2180.1569007124253, 
    1956.7467745625095, 
    1745.2713183110113, 
    1536.0291229346478, 
    1330.8872254704565, 
    1128.979131014026, 
    940.0062485886397, 
    2365.644555204216, 
    2152.8023329819935, 
    1950.5280146874654, 
    1741.285819311102, 
    1541.2447618917085, 
    1347.6713104878372, 
    2782.876978898481, 
    2567.3012247348106, 
    2357.192534454037, 
    2154.9182161595086, 
    1953.5103927693908, 
    1760.437212431833, 
    1574.8321802424225, 
    3191.7747595401875, 
    2974.832239405793, 
    2770.32466023613, 
    2560.215969955356, 
    2362.5422206393123, 
    2164.8684713232697, 
    1984.8645502449701, 
    3389.3311311586103, 
    3183.4567860182233, 
    2975.215132774486, 
    2775.3081225833084, 
    2579.5014103043018, 
    2398.130723255279, 
    2215.3932702355314, 
    3801.962985874391, 
    3596.588911800317, 
    3387.4807636521687, 
    3182.4729134161926, 
    2996.001386322371, 
    2808.163093257827, 
    4006.4872345746494, 
    3797.879357492814, 
    3594.738544293875, 
    3400.4326452138084, 
    4007.5044462378705, 
    3813.1985471578037
  ], 
  "turbineX": [
    527.858054571948, 
    896.0113263903892, 
    1291.5358354698578, 
    551.0045708505643, 
    910.8231996164467, 
    1304.4806716588782, 
    1713.4406638357038, 
    2126.1347300866037, 
    572.2840500921436, 
    925.1348017761907, 
    1307.2238277583024, 
    1714.8170539644043, 
    2122.410280170506, 
    2543.438989473965, 
    593.563529333723, 
    943.1804780100092, 
    1316.9348609395615, 
    1709.2255670112693, 
    2116.818793217371, 
    2526.2790564605098, 
    2943.2074678517965, 
    959.3591172067906, 
    1328.012660091545, 
    1715.7027971847679, 
    2107.9935032564754, 
    2514.219963491853, 
    2924.1804978013047, 
    976.038027469885, 
    1334.4898902650434, 
    1713.3451132393939, 
    2101.0352503326167, 
    2502.1608705231965, 
    2903.7867617800894, 
    3292.4774410059376, 
    992.2166666666665, 
    1345.567689417027, 
    1714.721503368094, 
    2093.5767263424445, 
    2488.2347405175024, 
    2882.8927546925597, 
    3261.882024895126, 
    1352.0449195905248, 
    1716.0978934967943, 
    2091.719313463384, 
    2467.8410044962866, 
    2859.265215663583, 
    3233.1536458213513, 
    3601.9412359343205, 
    1361.7559527717845, 
    1717.4742836254948, 
    2079.660220494727, 
    2457.1486774983537, 
    2832.403873626846, 
    3202.5582297105393, 
    1716.983636717158, 
    2070.8349305338315, 
    2445.0895845296973, 
    2811.509866539317, 
    2424.6958485084815, 
    2791.1161305181013
  ], 
  "turbineXopt": [
    560.5052798790474, 
    764.0122966403057, 
    972.9130062762692, 
    216.7629982682476, 
    445.9245193421141, 
    1139.6787695793637, 
    1694.6763807917932, 
    2099.8831904666563, 
    142.19839772512978, 
    331.34375880518064, 
    1013.8571577330277, 
    1590.5825519839677, 
    2076.698730891391, 
    2631.2622450944464, 
    62.59401358514702, 
    425.81087748831567, 
    1041.7984232762071, 
    1654.485487416875, 
    2096.791903495114, 
    2681.860430779343, 
    3155.746732444897, 
    205.91527764902045, 
    950.662722931362, 
    1679.4038327329833, 
    2279.57324117364, 
    2798.8568554909853, 
    3423.677977536133, 
    10.23886992074206, 
    1140.5533155375201, 
    1640.3764069761883, 
    2324.0709945779618, 
    2920.3245933633657, 
    3613.1968839190145, 
    3533.61059593389, 
    79.67305264009845, 
    779.3770824491337, 
    1630.0535196925132, 
    2309.0173427666946, 
    2944.9546772128892, 
    3726.6530860317457, 
    3671.0975260298005, 
    779.5713664848099, 
    1555.2557982330031, 
    2214.958367007812, 
    3218.0203497470366, 
    3414.5815655026863, 
    3605.0654346628457, 
    3784.0170950091015, 
    894.8925405969768, 
    1555.220987066254, 
    2169.162972077654, 
    2918.8353893718513, 
    3710.1760020176675, 
    3696.9680620026634, 
    1548.610932253701, 
    1925.415210871683, 
    2584.1147214543116, 
    3217.3224521057646, 
    2252.6656895244914, 
    3005.532578801903
  ], 
  "std": 38.574649464788756, 
  "layout": "layout2", 
  "power": [
    88132.35811469672, 
    82591.58546390173, 
    82174.52555303139, 
    83820.56508706958, 
    87914.81868573438, 
    86713.93741725158, 
    76171.58506203369, 
    80107.83947442983, 
    83589.61987928754, 
    82837.28128558681, 
    82900.61052486066, 
    74455.51500844155, 
    70120.6495721361, 
    76660.02474139133, 
    82620.81939437691, 
    84777.2161666764, 
    80591.88007687549, 
    84031.2303178487, 
    83917.8443378716, 
    82823.9827162786, 
    85442.74895829079, 
    88264.89723496565, 
    77972.21036368629, 
    81152.98769230775, 
    81854.35991002008, 
    71664.77855444007, 
    69603.35183306217, 
    81476.54378202326, 
    83957.70419799387, 
    84742.59437844844
  ], 
  "windspeeds": [
    8.0, 
    8.0, 
    8.0, 
    8.0, 
    8.0, 
    8.0, 
    8.0, 
    8.0, 
    8.0, 
    8.0, 
    8.0, 
    8.0, 
    8.0, 
    8.0, 
    8.0, 
    8.0, 
    8.0, 
    8.0, 
    8.0, 
    8.0, 
    8.0, 
    8.0, 
    8.0, 
    8.0, 
    8.0, 
    8.0, 
    8.0, 
    8.0, 
    8.0, 
    8.0
  ], 
  "winddirections": [
    230.5, 
    241.5, 
    252.5, 
    263.5, 
    274.5, 
    285.5, 
    296.5, 
    307.5, 
    318.5, 
    329.5, 
    340.5, 
    351.5, 
    2.5, 
    13.5, 
    24.5, 
    35.5, 
    46.5, 
    57.5, 
    68.5, 
    79.5, 
    90.5, 
    101.5, 
    142.5, 
    153.5, 
    164.5, 
    175.5, 
    186.5, 
    197.5, 
    208.5, 
    219.5
  ], 
  "samples": 30, 
  "uncertain_variable": "direction", 
  "method": "rect", 
  "mean": 716.77266784029712
}