{
  "turbineYopt": [
    2723.1417714850627, 
    800.3724040763497, 
    953.868545164062, 
    1426.1816338181927, 
    1671.2387034512988, 
    2183.3507825430006, 
    628.0084971441514, 
    466.9532776543071, 
    2974.7217622879552, 
    2909.689260221452, 
    1784.9410986019689, 
    1037.583179910575, 
    248.96516535410103, 
    378.73013686158083, 
    2475.3127574713567, 
    2917.333997144076, 
    2344.8565316705244, 
    1051.0747249289223, 
    491.6252923948157, 
    727.8818752084358, 
    588.4861428029376, 
    3138.1607916129547, 
    2775.2811431028376, 
    1136.2804814803417, 
    1288.4885031671768, 
    1670.6362080281608, 
    242.7103799534168, 
    4325.238947726872, 
    2657.062106621105, 
    1671.176866189506, 
    2169.8299523578826, 
    732.9086592764532, 
    373.91195193611514, 
    1415.1543871950528, 
    4181.413759992136, 
    3052.8807819148365, 
    2791.4702237397196, 
    2079.402411266651, 
    1920.3272482850555, 
    1511.1046922091616, 
    1665.6784702885518, 
    3507.9534316869, 
    3172.6669366080496, 
    2170.0182885419504, 
    2419.4178305083983, 
    2401.0663333525595, 
    1829.7113710097565, 
    2543.7481503922777, 
    3842.1637720972412, 
    4444.723106771012, 
    3185.781216594839, 
    2579.0579554091278, 
    2653.1344852003267, 
    2329.0934515235454, 
    4433.372527057485, 
    3993.379442306881, 
    3742.3257537332297, 
    3305.567371288052, 
    4885.6648396889095, 
    4693.4481957695625
  ], 
  "turbineY": [
    946.129457867374, 
    724.9525925925927, 
    513.8433601791924, 
    1359.6278074875652, 
    1138.951213279097, 
    924.6081778579356, 
    714.3654403489461, 
    510.5903088554787, 
    1769.8923540999954, 
    1544.6151909130422, 
    1332.639463595231, 
    1127.4975661310395, 
    922.355668666848, 
    718.0802661070676, 
    2180.1569007124253, 
    1956.7467745625095, 
    1745.2713183110113, 
    1536.0291229346478, 
    1330.8872254704565, 
    1128.979131014026, 
    940.0062485886397, 
    2365.644555204216, 
    2152.8023329819935, 
    1950.5280146874654, 
    1741.285819311102, 
    1541.2447618917085, 
    1347.6713104878372, 
    2782.876978898481, 
    2567.3012247348106, 
    2357.192534454037, 
    2154.9182161595086, 
    1953.5103927693908, 
    1760.437212431833, 
    1574.8321802424225, 
    3191.7747595401875, 
    2974.832239405793, 
    2770.32466023613, 
    2560.215969955356, 
    2362.5422206393123, 
    2164.8684713232697, 
    1984.8645502449701, 
    3389.3311311586103, 
    3183.4567860182233, 
    2975.215132774486, 
    2775.3081225833084, 
    2579.5014103043018, 
    2398.130723255279, 
    2215.3932702355314, 
    3801.962985874391, 
    3596.588911800317, 
    3387.4807636521687, 
    3182.4729134161926, 
    2996.001386322371, 
    2808.163093257827, 
    4006.4872345746494, 
    3797.879357492814, 
    3594.738544293875, 
    3400.4326452138084, 
    4007.5044462378705, 
    3813.1985471578037
  ], 
  "turbineX": [
    527.858054571948, 
    896.0113263903892, 
    1291.5358354698578, 
    551.0045708505643, 
    910.8231996164467, 
    1304.4806716588782, 
    1713.4406638357038, 
    2126.1347300866037, 
    572.2840500921436, 
    925.1348017761907, 
    1307.2238277583024, 
    1714.8170539644043, 
    2122.410280170506, 
    2543.438989473965, 
    593.563529333723, 
    943.1804780100092, 
    1316.9348609395615, 
    1709.2255670112693, 
    2116.818793217371, 
    2526.2790564605098, 
    2943.2074678517965, 
    959.3591172067906, 
    1328.012660091545, 
    1715.7027971847679, 
    2107.9935032564754, 
    2514.219963491853, 
    2924.1804978013047, 
    976.038027469885, 
    1334.4898902650434, 
    1713.3451132393939, 
    2101.0352503326167, 
    2502.1608705231965, 
    2903.7867617800894, 
    3292.4774410059376, 
    992.2166666666665, 
    1345.567689417027, 
    1714.721503368094, 
    2093.5767263424445, 
    2488.2347405175024, 
    2882.8927546925597, 
    3261.882024895126, 
    1352.0449195905248, 
    1716.0978934967943, 
    2091.719313463384, 
    2467.8410044962866, 
    2859.265215663583, 
    3233.1536458213513, 
    3601.9412359343205, 
    1361.7559527717845, 
    1717.4742836254948, 
    2079.660220494727, 
    2457.1486774983537, 
    2832.403873626846, 
    3202.5582297105393, 
    1716.983636717158, 
    2070.8349305338315, 
    2445.0895845296973, 
    2811.509866539317, 
    2424.6958485084815, 
    2791.1161305181013
  ], 
  "turbineXopt": [
    140.2499770013268, 
    748.0084162727234, 
    948.8734827575571, 
    252.86233903349756, 
    190.7746195886661, 
    601.1581726677769, 
    1390.0331433056474, 
    1195.176560807922, 
    115.44376334308399, 
    1411.7784512253584, 
    1043.6440946010148, 
    1674.5114178653193, 
    1729.15372886214, 
    1432.0827635470687, 
    190.13615824331697, 
    361.6438813304113, 
    406.67489353462867, 
    715.509391950301, 
    1658.2742153037655, 
    2299.144218355202, 
    2510.039144320668, 
    484.7023711205911, 
    1197.670303553523, 
    1441.7738196482953, 
    1643.6169892011994, 
    2642.196980167132, 
    2546.502936593791, 
    1807.347246083625, 
    1421.1252212889947, 
    817.8885980164176, 
    1375.0821768793023, 
    2717.524067691458, 
    2762.5910287637357, 
    3204.503185506479, 
    1599.4478329587923, 
    2311.540412454906, 
    1635.2333689608301, 
    2799.1482835803754, 
    2602.6719931360717, 
    2970.6198263101696, 
    3170.6569075514076, 
    1711.9446186212579, 
    2088.921640321754, 
    2563.147006105012, 
    1334.910150126318, 
    3573.455693989529, 
    2838.6732706114353, 
    3782.141539160063, 
    2068.328505617226, 
    2030.1282758593122, 
    2526.587651507458, 
    2721.866352777822, 
    3554.232538360277, 
    2759.623296549316, 
    1578.8412732388608, 
    2270.915927074093, 
    2300.578828197498, 
    2303.968879374305, 
    1569.775799657332, 
    1984.9205704972817
  ], 
  "std": 39.090614148757609, 
  "layout": "layout2", 
  "power": [
    86102.6927546103, 
    80551.22930795985, 
    81480.89410993573, 
    82148.07361688548, 
    79278.3499389753
  ], 
  "windspeeds": [
    8.0, 
    8.0, 
    8.0, 
    8.0, 
    8.0
  ], 
  "winddirections": [
    258.0, 
    324.0, 
    30.0, 
    96.0, 
    192.0
  ], 
  "samples": 5, 
  "uncertain_variable": "direction", 
  "method": "rect", 
  "mean": 686.41783749069486
}