{
  "turbineYopt": [
    1633.28399801079, 
    2273.873604681162, 
    2963.2166234678944, 
    1063.4458498258682, 
    1798.3741211065787, 
    2608.6962011048463, 
    3314.1565048906145, 
    3646.9108621372343, 
    569.6372159620189, 
    775.1200488264288, 
    1958.1391724108582, 
    3196.2505153345573, 
    3930.8287973501715, 
    4115.199516149752, 
    272.61865143542485, 
    1184.5841278182681, 
    2124.702215704013, 
    2985.3733930614144, 
    3237.591169051878, 
    4267.51882025322, 
    4487.09770123488, 
    702.6037724307296, 
    1758.9424273597015, 
    2295.5783327802496, 
    2876.8162296551036, 
    3582.3718113405957, 
    4704.18587407843, 
    12.381774833169622, 
    820.2307986227916, 
    1744.1048800891167, 
    2495.6616662652004, 
    3407.8609904934683, 
    3968.855986109404, 
    4876.974052070845, 
    1.5676120184903017, 
    1206.758032763146, 
    958.4217883224641, 
    2242.8675047412503, 
    2840.1159580015756, 
    3803.871290544433, 
    4204.524311720942, 
    721.2893712745353, 
    1336.9767943668921, 
    1466.2077601158196, 
    2459.5227874597467, 
    3367.285758871199, 
    4087.3376508711603, 
    4410.460421790836, 
    10.081999890847612, 
    437.2305889745344, 
    1600.6504631260816, 
    1791.0406147892543, 
    2942.689520839727, 
    3610.9484395982654, 
    1116.5837665804452, 
    1588.9195290705063, 
    2089.237065828863, 
    2785.660164337563, 
    1838.9480529646003, 
    2448.3069331159923
  ], 
  "turbineY": [
    1720.6762962962962, 
    2150.0948148148145, 
    2598.1837037037035, 
    1533.9725925925927, 
    1955.922962962963, 
    2404.011851851852, 
    2863.3029629629627, 
    3322.594074074074, 
    1347.2688888888888, 
    1765.485185185185, 
    2202.3718518518517, 
    2657.9288888888887, 
    3113.485925925926, 
    3580.245185185185, 
    1160.5651851851853, 
    1575.0474074074075, 
    2004.465925925926, 
    2448.820740740741, 
    2904.3777777777777, 
    3359.9348148148147, 
    3815.4918518518516, 
    1384.6096296296296, 
    1810.2940740740742, 
    2247.1807407407405, 
    2691.535555555555, 
    3143.3585185185184, 
    3595.181481481481, 
    1190.437777777778, 
    1608.6540740740743, 
    2041.8066666666666, 
    2478.6933333333336, 
    2926.782222222222, 
    3371.137037037037, 
    3800.555555555555, 
    1000.0000000000001, 
    1414.4822222222224, 
    1836.4325925925928, 
    2269.5851851851853, 
    2710.205925925926, 
    3150.8266666666664, 
    3569.042962962963, 
    1212.8422222222223, 
    1631.0585185185187, 
    2060.477037037037, 
    2486.1614814814816, 
    2923.0481481481484, 
    3337.5303703703703, 
    3748.2785185185185, 
    1014.9362962962965, 
    1425.6844444444446, 
    1843.900740740741, 
    2273.3192592592595, 
    2691.5355555555557, 
    3106.0177777777776, 
    1220.3103703703705, 
    1631.0585185185187, 
    2056.7429629629632, 
    2471.225185185185, 
    1832.6985185185188, 
    2247.180740740741
  ], 
  "turbineX": [
    3692.531851851852, 
    3700.0, 
    3685.0637037037036, 
    3322.8585185185184, 
    3334.060740740741, 
    3322.8585185185184, 
    3300.454074074074, 
    3270.5814814814817, 
    2956.9192592592594, 
    2975.5896296296296, 
    2968.1214814814816, 
    2941.982962962963, 
    2915.844444444445, 
    2882.237777777778, 
    2590.9800000000005, 
    2609.65037037037, 
    2605.9162962962964, 
    2590.9800000000005, 
    2564.841481481482, 
    2534.9688888888895, 
    2490.1600000000003, 
    2247.4451851851854, 
    2247.4451851851854, 
    2228.774814814815, 
    2213.838518518519, 
    2183.965925925926, 
    2146.6251851851857, 
    1877.771851851852, 
    1885.2400000000002, 
    1877.771851851852, 
    1859.1014814814814, 
    1832.9629629629633, 
    1799.3562962962965, 
    1765.7496296296301, 
    1515.5666666666666, 
    1526.7688888888888, 
    1519.3007407407408, 
    1511.8325925925928, 
    1485.6940740740743, 
    1459.5555555555557, 
    1425.948888888889, 
    1164.563703703704, 
    1160.8296296296298, 
    1153.3614814814819, 
    1138.425185185185, 
    1112.2866666666669, 
    1082.414074074074, 
    1056.275555555556, 
    802.3585185185188, 
    802.3585185185188, 
    802.3585185185188, 
    791.1562962962967, 
    765.0177777777781, 
    742.6133333333332, 
    447.6214814814816, 
    451.35555555555584, 
    440.15333333333365, 
    425.2170370370368, 
    92.88444444444485, 
    77.948148148148
  ], 
  "turbineXopt": [
    3800.914000041015, 
    3787.705964007406, 
    3754.8147337134947, 
    3402.4888385502823, 
    3609.462586647625, 
    3778.350455745568, 
    3728.9560063124454, 
    3590.6763402882552, 
    3117.8885812272906, 
    3265.1457348135937, 
    3413.540136737709, 
    3181.4083115802387, 
    3089.730069124453, 
    2840.20529760662, 
    2598.775051019329, 
    2654.481067604107, 
    3223.36460284005, 
    2603.511876689866, 
    2620.693664862611, 
    2638.445801064084, 
    2301.534690748721, 
    1981.8651889129644, 
    2634.0500142065266, 
    3037.057861559761, 
    1927.7304611846273, 
    2186.9695898426717, 
    1968.4452013494094, 
    1924.081248711691, 
    1758.0884700418085, 
    2381.6835772180143, 
    1873.144487621245, 
    1385.4516595989037, 
    1475.139623418878, 
    1328.606439636161, 
    1462.4904484874767, 
    1593.6959415711478, 
    1546.3990853789692, 
    1871.2736564088027, 
    1677.60630411409, 
    735.2225475267896, 
    880.2690848701269, 
    1458.7804141428162, 
    1377.013427005408, 
    1159.7409585544192, 
    767.1021511280125, 
    673.9338339037195, 
    202.695749835595, 
    331.51273491002723, 
    972.913006276269, 
    755.7188066502719, 
    945.654173390801, 
    709.3713489651883, 
    706.689232528726, 
    13.863107894902145, 
    410.2849846867743, 
    203.06532958310535, 
    130.1911059167719, 
    31.276629259578282, 
    165.73468212902884, 
    74.75401650874183
  ], 
  "std": 36.880006802691142, 
  "layout": "layout3", 
  "power": [
    85687.67750146586, 
    86846.4009137041, 
    83907.34225923916, 
    84204.21698185071, 
    83647.81823104297, 
    85229.54125671533, 
    72940.8402376768, 
    74365.23342131637, 
    82035.88765301896, 
    80515.69339022248, 
    80658.53866737762, 
    74763.45506015766, 
    74465.60256262144, 
    79679.86782207685, 
    82446.02474554202, 
    81258.59037710325, 
    84578.66056053225, 
    85845.09362160016, 
    81877.76763661488, 
    83721.47483694271, 
    83759.63360118658, 
    88666.49856072564, 
    79362.28118326978, 
    81195.82292635112, 
    80789.1015121633, 
    72686.18747925956, 
    77241.57290688016, 
    79159.4859357024, 
    81572.74775069632, 
    88301.69417329489
  ], 
  "windspeeds": [
    8.0, 
    8.0, 
    8.0, 
    8.0, 
    8.0, 
    8.0, 
    8.0, 
    8.0, 
    8.0, 
    8.0, 
    8.0, 
    8.0, 
    8.0, 
    8.0, 
    8.0, 
    8.0, 
    8.0, 
    8.0, 
    8.0, 
    8.0, 
    8.0, 
    8.0, 
    8.0, 
    8.0, 
    8.0, 
    8.0, 
    8.0, 
    8.0, 
    8.0, 
    8.0
  ], 
  "winddirections": [
    230.5, 
    241.5, 
    252.5, 
    263.5, 
    274.5, 
    285.5, 
    296.5, 
    307.5, 
    318.5, 
    329.5, 
    340.5, 
    351.5, 
    2.5, 
    13.5, 
    24.5, 
    35.5, 
    46.5, 
    57.5, 
    68.5, 
    79.5, 
    90.5, 
    101.5, 
    142.5, 
    153.5, 
    164.5, 
    175.5, 
    186.5, 
    197.5, 
    208.5, 
    219.5
  ], 
  "samples": 30, 
  "uncertain_variable": "direction", 
  "method": "rect", 
  "mean": 715.21257100414016
}