{
  "turbineYopt": [
    3382.868140354437, 
    1895.6063018663872, 
    2286.6714532856186, 
    2529.213265671992, 
    1482.2763246484744, 
    2848.9734989157214, 
    2911.6582618959646, 
    3206.7726182705915, 
    710.2977632685893, 
    2162.8261488649414, 
    1531.4931285472553, 
    3106.8466448032623, 
    3725.7985059513458, 
    3144.1698150897714, 
    1595.7427344930027, 
    524.1994898555462, 
    1890.3702887614836, 
    2503.909522963689, 
    2035.700552141568, 
    3726.684637282616, 
    2617.3342459040296, 
    929.9574903135269, 
    1796.7221180388094, 
    2376.8347143924343, 
    3175.8610449168195, 
    3284.273656742651, 
    3157.4267696880565, 
    1049.7714909098931, 
    1078.1711416281664, 
    3004.4638956926387, 
    3805.602704632559, 
    1284.2623171624582, 
    3472.5087163629332, 
    3568.4399485797967, 
    273.5047802724761, 
    2030.6989952228444, 
    1086.9218848791957, 
    2350.1016953626918, 
    1883.8089859945405, 
    3665.324872647039, 
    3459.0727537417847, 
    461.7500823965642, 
    3114.169961878024, 
    2689.2294320301166, 
    2823.0776236270226, 
    3595.890821434984, 
    3335.1814723533953, 
    2378.984552442895, 
    790.7823911416765, 
    967.3479303456224, 
    1759.5336229792804, 
    3058.3759647878055, 
    2178.3125172235714, 
    3779.2766823892657, 
    1301.9294372797287, 
    2779.0020423312767, 
    3444.620072022982, 
    3592.2286326613275, 
    2092.1228666561738, 
    1796.4715078205516
  ], 
  "turbineY": [
    1720.6762962962962, 
    2150.0948148148145, 
    2598.1837037037035, 
    1533.9725925925927, 
    1955.922962962963, 
    2404.011851851852, 
    2863.3029629629627, 
    3322.594074074074, 
    1347.2688888888888, 
    1765.485185185185, 
    2202.3718518518517, 
    2657.9288888888887, 
    3113.485925925926, 
    3580.245185185185, 
    1160.5651851851853, 
    1575.0474074074075, 
    2004.465925925926, 
    2448.820740740741, 
    2904.3777777777777, 
    3359.9348148148147, 
    3815.4918518518516, 
    1384.6096296296296, 
    1810.2940740740742, 
    2247.1807407407405, 
    2691.535555555555, 
    3143.3585185185184, 
    3595.181481481481, 
    1190.437777777778, 
    1608.6540740740743, 
    2041.8066666666666, 
    2478.6933333333336, 
    2926.782222222222, 
    3371.137037037037, 
    3800.555555555555, 
    1000.0000000000001, 
    1414.4822222222224, 
    1836.4325925925928, 
    2269.5851851851853, 
    2710.205925925926, 
    3150.8266666666664, 
    3569.042962962963, 
    1212.8422222222223, 
    1631.0585185185187, 
    2060.477037037037, 
    2486.1614814814816, 
    2923.0481481481484, 
    3337.5303703703703, 
    3748.2785185185185, 
    1014.9362962962965, 
    1425.6844444444446, 
    1843.900740740741, 
    2273.3192592592595, 
    2691.5355555555557, 
    3106.0177777777776, 
    1220.3103703703705, 
    1631.0585185185187, 
    2056.7429629629632, 
    2471.225185185185, 
    1832.6985185185188, 
    2247.180740740741
  ], 
  "turbineX": [
    3692.531851851852, 
    3700.0, 
    3685.0637037037036, 
    3322.8585185185184, 
    3334.060740740741, 
    3322.8585185185184, 
    3300.454074074074, 
    3270.5814814814817, 
    2956.9192592592594, 
    2975.5896296296296, 
    2968.1214814814816, 
    2941.982962962963, 
    2915.844444444445, 
    2882.237777777778, 
    2590.9800000000005, 
    2609.65037037037, 
    2605.9162962962964, 
    2590.9800000000005, 
    2564.841481481482, 
    2534.9688888888895, 
    2490.1600000000003, 
    2247.4451851851854, 
    2247.4451851851854, 
    2228.774814814815, 
    2213.838518518519, 
    2183.965925925926, 
    2146.6251851851857, 
    1877.771851851852, 
    1885.2400000000002, 
    1877.771851851852, 
    1859.1014814814814, 
    1832.9629629629633, 
    1799.3562962962965, 
    1765.7496296296301, 
    1515.5666666666666, 
    1526.7688888888888, 
    1519.3007407407408, 
    1511.8325925925928, 
    1485.6940740740743, 
    1459.5555555555557, 
    1425.948888888889, 
    1164.563703703704, 
    1160.8296296296298, 
    1153.3614814814819, 
    1138.425185185185, 
    1112.2866666666669, 
    1082.414074074074, 
    1056.275555555556, 
    802.3585185185188, 
    802.3585185185188, 
    802.3585185185188, 
    791.1562962962967, 
    765.0177777777781, 
    742.6133333333332, 
    447.6214814814816, 
    451.35555555555584, 
    440.15333333333365, 
    425.2170370370368, 
    92.88444444444485, 
    77.948148148148
  ], 
  "turbineXopt": [
    2280.0800990160615, 
    2816.2594939730693, 
    3235.4471156316763, 
    3341.561445161844, 
    1748.3098976523474, 
    3240.942832811826, 
    2918.6345098605443, 
    2542.6238192334, 
    2106.321052152166, 
    1859.0772955352975, 
    1347.1409267393303, 
    3345.613107432557, 
    2599.838040735909, 
    3078.6665495026004, 
    1085.482091758453, 
    2316.3186384962205, 
    3075.6887492041033, 
    1874.6692592598417, 
    2529.0636271412377, 
    2083.6234018982627, 
    3096.6248537250167, 
    1540.3698911511028, 
    1592.5509566219382, 
    811.6271134983651, 
    2812.361146978986, 
    1574.9258295825223, 
    739.5052475492838, 
    1303.8929576910775, 
    2420.9574273480107, 
    1563.043719817228, 
    1229.7077151104427, 
    2226.52556077646, 
    2527.927158236039, 
    1125.9077068206607, 
    2258.610019190898, 
    3301.352737747102, 
    1938.0112087323776, 
    1141.347015611748, 
    2295.870896772713, 
    2351.1855413620538, 
    1801.0993797078531, 
    1992.9890035034766, 
    1808.9573255748815, 
    1486.681899256948, 
    1091.0697076182487, 
    1579.6019738784703, 
    534.8257206957527, 
    1529.878671543039, 
    1806.227516043922, 
    2178.72833401041, 
    2586.305168360989, 
    500.86767819405947, 
    2963.559618875248, 
    966.5028350235445, 
    1511.0658110831016, 
    718.6802348783444, 
    1366.2448424446634, 
    746.3801408292505, 
    1257.4916365255408, 
    1264.5034991125037
  ], 
  "std": 25.23703335393164, 
  "layout": "layout3", 
  "power": [
    70016.82431857607, 
    70191.44562957957, 
    67181.583652124, 
    60202.72493118051, 
    64602.652419360435, 
    67160.88705122322, 
    62719.47197794352, 
    67975.10798260328, 
    70253.76240488686, 
    69086.24282020761, 
    67308.80264823398, 
    63373.19049325044, 
    65133.493972023156, 
    65269.64692843465, 
    68345.10969835104
  ], 
  "windspeeds": [
    8.0, 
    8.0, 
    8.0, 
    8.0, 
    8.0, 
    8.0, 
    8.0, 
    8.0, 
    8.0, 
    8.0, 
    8.0, 
    8.0, 
    8.0, 
    8.0, 
    8.0
  ], 
  "winddirections": [
    236.0, 
    258.0, 
    280.0, 
    302.0, 
    324.0, 
    346.0, 
    8.0, 
    30.0, 
    52.0, 
    74.0, 
    96.0, 
    148.0, 
    170.0, 
    192.0, 
    214.0
  ], 
  "samples": 15, 
  "uncertain_variable": "direction", 
  "method": "rect", 
  "mean": 583.54662136656691
}