{
  "turbineYopt": [
    1503.239763134903, 
    807.9020561299769, 
    1066.1008266248334, 
    3085.8389456476507, 
    1368.8541043855014, 
    18.07032681984255, 
    308.5590387095496, 
    117.30040162969745, 
    2427.6813328443504, 
    1429.8992757344492, 
    1755.4392584983466, 
    516.2384436597049, 
    2102.1790251974035, 
    353.7112613238235, 
    2176.548110607113, 
    2958.3717198870277, 
    1791.8850982086806, 
    2724.8825432194594, 
    1547.7484643424775, 
    4.652688200651526, 
    791.6436723716399, 
    2782.135652360381, 
    2831.1310552255622, 
    2480.632925538142, 
    2290.8086905787, 
    1076.4702863723605, 
    1483.3159700766614, 
    3580.0862086595525, 
    1675.2792120542906, 
    2659.220051963408, 
    4102.917537695903, 
    1612.9907382517042, 
    2354.8232386127884, 
    1626.5500436707573, 
    4079.2083565701946, 
    3136.0937110586997, 
    3231.7298639181545, 
    2738.2944190957796, 
    3681.5981971043593, 
    2517.7454339607884, 
    1857.127372924853, 
    3831.227697080499, 
    3683.1603561694174, 
    4240.949845176189, 
    2929.3898047402854, 
    3517.7008033788134, 
    2220.781505363879, 
    2521.01554982534, 
    4522.580798314166, 
    3386.58266921807, 
    4352.596363679592, 
    3964.885328157587, 
    3826.8531506124414, 
    3265.5842910002993, 
    4154.403932766596, 
    3990.3342562174207, 
    4889.758387862327, 
    4378.98213044425, 
    4870.920344849752, 
    4751.875818865224
  ], 
  "turbineY": [
    946.129457867374, 
    724.9525925925927, 
    513.8433601791924, 
    1359.6278074875652, 
    1138.951213279097, 
    924.6081778579356, 
    714.3654403489461, 
    510.5903088554787, 
    1769.8923540999954, 
    1544.6151909130422, 
    1332.639463595231, 
    1127.4975661310395, 
    922.355668666848, 
    718.0802661070676, 
    2180.1569007124253, 
    1956.7467745625095, 
    1745.2713183110113, 
    1536.0291229346478, 
    1330.8872254704565, 
    1128.979131014026, 
    940.0062485886397, 
    2365.644555204216, 
    2152.8023329819935, 
    1950.5280146874654, 
    1741.285819311102, 
    1541.2447618917085, 
    1347.6713104878372, 
    2782.876978898481, 
    2567.3012247348106, 
    2357.192534454037, 
    2154.9182161595086, 
    1953.5103927693908, 
    1760.437212431833, 
    1574.8321802424225, 
    3191.7747595401875, 
    2974.832239405793, 
    2770.32466023613, 
    2560.215969955356, 
    2362.5422206393123, 
    2164.8684713232697, 
    1984.8645502449701, 
    3389.3311311586103, 
    3183.4567860182233, 
    2975.215132774486, 
    2775.3081225833084, 
    2579.5014103043018, 
    2398.130723255279, 
    2215.3932702355314, 
    3801.962985874391, 
    3596.588911800317, 
    3387.4807636521687, 
    3182.4729134161926, 
    2996.001386322371, 
    2808.163093257827, 
    4006.4872345746494, 
    3797.879357492814, 
    3594.738544293875, 
    3400.4326452138084, 
    4007.5044462378705, 
    3813.1985471578037
  ], 
  "turbineX": [
    527.858054571948, 
    896.0113263903892, 
    1291.5358354698578, 
    551.0045708505643, 
    910.8231996164467, 
    1304.4806716588782, 
    1713.4406638357038, 
    2126.1347300866037, 
    572.2840500921436, 
    925.1348017761907, 
    1307.2238277583024, 
    1714.8170539644043, 
    2122.410280170506, 
    2543.438989473965, 
    593.563529333723, 
    943.1804780100092, 
    1316.9348609395615, 
    1709.2255670112693, 
    2116.818793217371, 
    2526.2790564605098, 
    2943.2074678517965, 
    959.3591172067906, 
    1328.012660091545, 
    1715.7027971847679, 
    2107.9935032564754, 
    2514.219963491853, 
    2924.1804978013047, 
    976.038027469885, 
    1334.4898902650434, 
    1713.3451132393939, 
    2101.0352503326167, 
    2502.1608705231965, 
    2903.7867617800894, 
    3292.4774410059376, 
    992.2166666666665, 
    1345.567689417027, 
    1714.721503368094, 
    2093.5767263424445, 
    2488.2347405175024, 
    2882.8927546925597, 
    3261.882024895126, 
    1352.0449195905248, 
    1716.0978934967943, 
    2091.719313463384, 
    2467.8410044962866, 
    2859.265215663583, 
    3233.1536458213513, 
    3601.9412359343205, 
    1361.7559527717845, 
    1717.4742836254948, 
    2079.660220494727, 
    2457.1486774983537, 
    2832.403873626846, 
    3202.5582297105393, 
    1716.983636717158, 
    2070.8349305338315, 
    2445.0895845296973, 
    2811.509866539317, 
    2424.6958485084815, 
    2791.1161305181013
  ], 
  "turbineXopt": [
    972.6810370118702, 
    1329.7969329221596, 
    916.0476923135767, 
    921.3252316325122, 
    2397.7923393957944, 
    2094.6628451737884, 
    821.145040856584, 
    2327.1837532012064, 
    86.33689511221498, 
    250.972012969671, 
    990.1205555144663, 
    1893.365560585128, 
    3431.6518581740675, 
    2086.997202621012, 
    115.32912099241291, 
    1139.6382378693313, 
    2284.789407994742, 
    1787.5661101653955, 
    2219.172342778275, 
    1285.1038957333892, 
    3276.108522796416, 
    24.911534402832768, 
    1358.0850297395277, 
    1722.3690416522625, 
    1889.3271545626924, 
    2902.028324146718, 
    3710.933182896985, 
    39.01486969673042, 
    190.17135111902627, 
    1543.4412021322066, 
    2891.0015655234815, 
    2463.4094046122614, 
    3440.5657150973548, 
    3502.6228508173895, 
    117.07536546676916, 
    480.8202185818868, 
    714.8443948289031, 
    3120.8466481157816, 
    3521.4850833847595, 
    2997.2886364821, 
    2529.026466620003, 
    67.94170704585281, 
    1616.5824128603267, 
    2679.2117555892414, 
    2955.344358297084, 
    3713.957986142179, 
    3654.9050935725863, 
    3250.0686666087545, 
    595.3449284387794, 
    515.0089688088951, 
    1908.2439128537958, 
    3102.7914380696925, 
    3314.581330761484, 
    3732.5349836881915, 
    926.6300671316939, 
    1118.9580818172287, 
    1683.383848510746, 
    2467.4218914811963, 
    1160.6160754493137, 
    1895.2715415265714
  ], 
  "std": 60.015970616597592, 
  "layout": "layout2", 
  "power": [
    82104.57965667332, 
    85331.61091856165, 
    82799.13759312482, 
    85079.05794211464, 
    83578.45403360033, 
    86688.65805945687, 
    86628.25075891806, 
    83693.98788932842, 
    70358.58247300787, 
    57629.84602757613, 
    61099.48723538966, 
    71244.86422180943, 
    80638.6891253801, 
    81778.3596171037, 
    81668.10393354639, 
    75000.87270702029, 
    70384.48849207531, 
    75775.06860456566, 
    78421.58670299209, 
    83902.89979770381, 
    84620.70207785898, 
    86023.54620428216, 
    83138.25709429785, 
    84535.41538723346, 
    82113.06550889171, 
    84995.459155767, 
    84302.9465882155, 
    88580.82468012598, 
    86145.27451704063, 
    81348.40202006229, 
    80575.59753125322, 
    80750.92755296694, 
    80964.81907439641, 
    75989.5344929982, 
    71861.52854252793, 
    74701.71621190065, 
    76832.20855470518, 
    84061.32190884837, 
    84925.29576055659, 
    87422.56451466489
  ], 
  "windspeeds": [
    8.0, 
    8.0, 
    8.0, 
    8.0, 
    8.0, 
    8.0, 
    8.0, 
    8.0, 
    8.0, 
    8.0, 
    8.0, 
    8.0, 
    8.0, 
    8.0, 
    8.0, 
    8.0, 
    8.0, 
    8.0, 
    8.0, 
    8.0, 
    8.0, 
    8.0, 
    8.0, 
    8.0, 
    8.0, 
    8.0, 
    8.0, 
    8.0, 
    8.0, 
    8.0, 
    8.0, 
    8.0, 
    8.0, 
    8.0, 
    8.0, 
    8.0, 
    8.0, 
    8.0, 
    8.0, 
    8.0
  ], 
  "winddirections": [
    229.125, 
    237.375, 
    245.625, 
    253.875, 
    262.125, 
    270.375, 
    278.625, 
    286.875, 
    295.125, 
    303.375, 
    311.625, 
    319.875, 
    328.125, 
    336.375, 
    344.625, 
    352.875, 
    1.125, 
    9.375, 
    17.625, 
    25.875, 
    34.125, 
    42.375, 
    50.625, 
    58.875, 
    67.125, 
    75.375, 
    83.625, 
    91.875, 
    100.125, 
    108.375, 
    146.625, 
    154.875, 
    163.125, 
    171.375, 
    179.625, 
    187.875, 
    196.125, 
    204.375, 
    212.625, 
    220.875
  ], 
  "samples": 40,