{
  "turbineYopt": [
    1862.914822132848, 
    2686.1553180185524, 
    3436.2296601457197, 
    1984.7748751942954, 
    2115.6611034515745, 
    2923.6277518553816, 
    3840.5153785623293, 
    4413.388718172453, 
    1401.242579209579, 
    1683.8613323859431, 
    2443.7291502838657, 
    3121.0291385851037, 
    3717.0029168441274, 
    3740.9572785772466, 
    435.11744303652796, 
    1809.2154213583797, 
    2197.4585901890764, 
    2625.3232762120615, 
    3099.4908276484725, 
    3393.8115754317205, 
    4880.434640900809, 
    1160.6578978111013, 
    1986.2414670333715, 
    2497.1630994967095, 
    2599.977337940282, 
    2809.5914487363934, 
    3327.356753065858, 
    1117.6043774771522, 
    1395.7744322199342, 
    2172.340992678249, 
    2428.982002432532, 
    2882.8689388112884, 
    3075.239448872411, 
    3578.1663997797555, 
    687.4741723796843, 
    1155.2099114041243, 
    1771.2957130225273, 
    2187.58656963344, 
    2423.7933749178783, 
    2867.108709592438, 
    4044.3931658354704, 
    656.4427928847044, 
    1350.0512890015339, 
    1360.389343117916, 
    1711.4391482782394, 
    2560.9597677554084, 
    3989.1574114322643, 
    4637.516349569019, 
    3.189069202621339, 
    306.4799235752441, 
    1145.238542227428, 
    1397.9884262282314, 
    3024.147906378171, 
    3339.8911893024747, 
    82.35326916202689, 
    1167.912486332608, 
    1635.1514839439105, 
    2725.5012488188704, 
    1393.2546468680437, 
    2188.311281736815
  ], 
  "turbineY": [
    1720.6762962962962, 
    2150.0948148148145, 
    2598.1837037037035, 
    1533.9725925925927, 
    1955.922962962963, 
    2404.011851851852, 
    2863.3029629629627, 
    3322.594074074074, 
    1347.2688888888888, 
    1765.485185185185, 
    2202.3718518518517, 
    2657.9288888888887, 
    3113.485925925926, 
    3580.245185185185, 
    1160.5651851851853, 
    1575.0474074074075, 
    2004.465925925926, 
    2448.820740740741, 
    2904.3777777777777, 
    3359.9348148148147, 
    3815.4918518518516, 
    1384.6096296296296, 
    1810.2940740740742, 
    2247.1807407407405, 
    2691.535555555555, 
    3143.3585185185184, 
    3595.181481481481, 
    1190.437777777778, 
    1608.6540740740743, 
    2041.8066666666666, 
    2478.6933333333336, 
    2926.782222222222, 
    3371.137037037037, 
    3800.555555555555, 
    1000.0000000000001, 
    1414.4822222222224, 
    1836.4325925925928, 
    2269.5851851851853, 
    2710.205925925926, 
    3150.8266666666664, 
    3569.042962962963, 
    1212.8422222222223, 
    1631.0585185185187, 
    2060.477037037037, 
    2486.1614814814816, 
    2923.0481481481484, 
    3337.5303703703703, 
    3748.2785185185185, 
    1014.9362962962965, 
    1425.6844444444446, 
    1843.900740740741, 
    2273.3192592592595, 
    2691.5355555555557, 
    3106.0177777777776, 
    1220.3103703703705, 
    1631.0585185185187, 
    2056.7429629629632, 
    2471.225185185185, 
    1832.6985185185188, 
    2247.180740740741
  ], 
  "turbineX": [
    3692.531851851852, 
    3700.0, 
    3685.0637037037036, 
    3322.8585185185184, 
    3334.060740740741, 
    3322.8585185185184, 
    3300.454074074074, 
    3270.5814814814817, 
    2956.9192592592594, 
    2975.5896296296296, 
    2968.1214814814816, 
    2941.982962962963, 
    2915.844444444445, 
    2882.237777777778, 
    2590.9800000000005, 
    2609.65037037037, 
    2605.9162962962964, 
    2590.9800000000005, 
    2564.841481481482, 
    2534.9688888888895, 
    2490.1600000000003, 
    2247.4451851851854, 
    2247.4451851851854, 
    2228.774814814815, 
    2213.838518518519, 
    2183.965925925926, 
    2146.6251851851857, 
    1877.771851851852, 
    1885.2400000000002, 
    1877.771851851852, 
    1859.1014814814814, 
    1832.9629629629633, 
    1799.3562962962965, 
    1765.7496296296301, 
    1515.5666666666666, 
    1526.7688888888888, 
    1519.3007407407408, 
    1511.8325925925928, 
    1485.6940740740743, 
    1459.5555555555557, 
    1425.948888888889, 
    1164.563703703704, 
    1160.8296296296298, 
    1153.3614814814819, 
    1138.425185185185, 
    1112.2866666666669, 
    1082.414074074074, 
    1056.275555555556, 
    802.3585185185188, 
    802.3585185185188, 
    802.3585185185188, 
    791.1562962962967, 
    765.0177777777781, 
    742.6133333333332, 
    447.6214814814816, 
    451.35555555555584, 
    440.15333333333365, 
    425.2170370370368, 
    92.88444444444485, 
    77.948148148148
  ], 
  "turbineXopt": [
    3796.1793428317037, 
    3775.229776717295, 
    3634.1671275007716, 
    3574.689010158105, 
    3790.968078152637, 
    3244.78937645802, 
    3293.619026309615, 
    2200.1885364276022, 
    3661.689148219079, 
    3444.5817561554777, 
    3511.110481474587, 
    2796.657596751548, 
    2840.7613387727497, 
    1733.3590521032022, 
    2440.8622228691647, 
    3049.710552890289, 
    3174.080448422662, 
    3072.114360257807, 
    2358.6254485227687, 
    1685.8174294701191, 
    1424.6377811090879, 
    3000.940200693521, 
    2542.0176725293973, 
    2658.4768906705935, 
    2427.5284646119894, 
    1984.402597176921, 
    1204.1724621238368, 
    2501.85223850379, 
    2514.1867815121286, 
    2370.91884811695, 
    1882.97483279583, 
    1619.0036285143299, 
    1185.6058050002632, 
    1172.5121380704356, 
    1898.938656571811, 
    1425.298429957456, 
    1876.0388892039662, 
    1526.2958628175018, 
    945.250045837072, 
    547.246018236119, 
    1052.23521402568, 
    813.1032753620451, 
    951.7081929426603, 
    2008.9546356554551, 
    1097.7851106921428, 
    458.5387150253137, 
    158.50385759239484, 
    723.4829699867233, 
    1369.256633824286, 
    822.2021963833041, 
    698.4612708921637, 
    703.494825029733, 
    42.21184412861601, 
    494.5769939618921, 
    939.1427059680206, 
    384.18563544553393, 
    196.162641915266, 
    33.3673654394372, 
    269.6048749086008, 
    113.57281146087368
  ], 
  "std": 46.096165601290934, 
  "layout": "layout3", 
  "power": [
    85512.33731334234, 
    83472.16503544128, 
    87131.37856057416, 
    80859.66032579356, 
    77312.26116775806, 
    80302.58765557274, 
    84284.28535113124, 
    77785.33230669367, 
    73983.30849852941, 
    88484.81435317962
  ], 
  "windspeeds": [
    8.0, 
    8.0, 
    8.0, 
    8.0, 
    8.0, 
    8.0, 
    8.0, 
    8.0, 
    8.0, 
    8.0
  ], 
  "winddirections": [
    241.5, 
    274.5, 
    307.5, 
    340.5, 
    13.5, 
    46.5, 
    79.5, 
    142.5, 
    175.5, 
    208.5
  ], 
  "samples": 10, 
  "uncertain_variable": "direction", 
  "method": "rect", 
  "mean": 698.93364433806403
}