{
  "turbineYopt": [
    16.441146463511277, 
    303.3252408265894, 
    579.714994757534, 
    283.1186473621654, 
    370.3682988037024, 
    980.8971358681723, 
    1151.3392706937452, 
    1704.0591264683242, 
    531.3379407444751, 
    414.1759292709337, 
    1389.2349944576983, 
    1351.4031451148471, 
    1873.625241792937, 
    2206.971141758467, 
    805.3673219170397, 
    1293.4934071888797, 
    1172.7925590310017, 
    1630.6853390320173, 
    1768.8320264361732, 
    2503.894597207213, 
    3005.70200418793, 
    1449.5223519145716, 
    2012.0352393118615, 
    2151.8939852965814, 
    1946.1934389586443, 
    2570.788315141457, 
    3338.617550530381, 
    1738.3113100555602, 
    1656.833973806862, 
    2456.1065120517746, 
    2300.2353849384767, 
    2861.780523953223, 
    3399.0613036414793, 
    3706.3133169634607, 
    2482.7111744114436, 
    3018.9425315343965, 
    2829.5709087750583, 
    2695.2113733793526, 
    3127.1219516512942, 
    3476.532213081582, 
    4017.8274791714034, 
    3370.1805102254025, 
    3180.739563300184, 
    3698.8971222531354, 
    3653.92137943464, 
    3786.214324822313, 
    4455.13204178137, 
    4169.439645680554, 
    3099.0514192610603, 
    3529.823962130148, 
    3688.1035732645, 
    3892.75679259149, 
    4052.742532636919, 
    4420.755482913216, 
    3766.2356053436006, 
    4011.6097822636275, 
    4135.869229210797, 
    4302.907350276693, 
    4390.711003352378, 
    4601.951897261331
  ], 
  "turbineY": [
    396.15021449676374, 
    621.0511999999999, 
    876.9892289935274, 
    641.0884320865703, 
    858.4641103414244, 
    1110.9096320865701, 
    1379.8818755768614, 
    1655.8391335639167, 
    882.5341424279949, 
    1090.9084061860856, 
    1333.812220682849, 
    1604.2605714215224, 
    1874.7089221601955, 
    2158.1914873956325, 
    1123.9798527694197, 
    1330.33771652751, 
    1565.716223775892, 
    1819.6378527694196, 
    2090.0862035080927, 
    2364.027061495148, 
    2651.9379484757305, 
    1566.274519620553, 
    1796.1441196205528, 
    2049.5254558624624, 
    2303.4470848559895, 
    2575.371542843045, 
    2854.281015326864, 
    1807.1799372103594, 
    2026.0317227135956, 
    2266.9191372103596, 
    2520.300473452269, 
    2786.716024190942, 
    3058.100189426379, 
    3321.418754661816, 
    2043.1167403034024, 
    2256.459618558257, 
    2491.2978330550204, 
    2732.1852475517844, 
    2994.5679982904576, 
    3256.9507490291303, 
    3514.220114264567, 
    2486.3472216512996, 
    2715.6765288996817, 
    2954.5475433964452, 
    3198.387172389973, 
    3458.7535231286456, 
    3710.5139811157005, 
    3956.765531854374, 
    2718.2512247443424, 
    2940.0552247443425, 
    3165.8920247443425, 
    3408.2555464894876, 
    3658.539897228161, 
    3903.3153407184523, 
    3160.9414133406212, 
    3379.2529060922398, 
    3619.600027837385, 
    3857.3904568309126, 
    3823.4192019369007, 
    4061.209630930428
  ], 
  "turbineX": [
    2270.0210989377038, 
    2675.6922325016203, 
    3086.7275023074462, 
    1895.7721365186094, 
    2296.4746555857623, 
    2709.526325391588, 
    3127.0063169425603, 
    3540.4535084935324, 
    1523.5395740995152, 
    1924.7823859182863, 
    2329.372933978967, 
    2741.3440182815566, 
    3153.3151025841466, 
    3571.730908631882, 
    1151.3070116804213, 
    1549.0573162508103, 
    1948.679249814727, 
    2356.2220123721713, 
    2768.1930966747614, 
    3178.147780977351, 
    3580.036865279941, 
    1175.3486465833341, 
    1573.494472898869, 
    1972.0358209595495, 
    2379.5785835169936, 
    2786.040760571202, 
    3188.4701376254093, 
    794.1146696674764, 
    1189.3082814862473, 
    1590.406322298546, 
    1988.9476703592263, 
    2393.9337401650523, 
    2791.3945027224963, 
    3174.8852362864136, 
    420.4060000000002, 
    814.1235045703893, 
    1204.7440236375423, 
    1605.842064449841, 
    2003.843119758903, 
    2401.844175067966, 
    2774.857386886737, 
    429.9373131577677, 
    819.0817249765386, 
    1216.6872585404553, 
    1606.76748485599, 
    2001.2760329166706, 
    2372.81313748706, 
    2742.874134809067, 
    49.243628993527864, 
    433.419426315535, 
    824.5802381343061, 
    1220.169371698223, 
    1597.2153835169938, 
    1972.7852880873827, 
    49.773527654531335, 
    435.9657249765387, 
    828.0623512920736, 
    1207.6650558624626, 
    430.9867163891604, 
    810.5894209595494
  ], 
  "turbineXopt": [
    2045.8623988404192, 
    2627.606929977181, 
    3135.501996521825, 
    1363.6733551794782, 
    1983.7421174883675, 
    2585.989262632595, 
    3481.137296284343, 
    3796.425078223034, 
    923.483646513111, 
    1147.4967373880133, 
    2266.537344365098, 
    2976.053096904361, 
    3503.6221008294997, 
    3789.0853965361553, 
    568.5306358345348, 
    1086.078057469129, 
    1308.203363572865, 
    2341.440398083627, 
    3014.5213599105423, 
    3487.0777251905797, 
    3751.6842320614296, 
    887.1719531759563, 
    1478.6676078465014, 
    2164.723560816294, 
    2569.8051808513565, 
    2951.162275124624, 
    3455.82249626597, 
    180.7705122435484, 
    742.4858809545179, 
    1760.9901365471287, 
    1960.0186185744394, 
    2558.4406468179236, 
    2857.153019232054, 
    3499.53211493521, 
    102.13765319454235, 
    664.3191319158154, 
    831.8007547884245, 
    1678.9063497940656, 
    2167.1956583378296, 
    2376.2751124628026, 
    2991.2247334938784, 
    302.6771896139003, 
    470.07667325014114, 
    1042.2148800202815, 
    1362.5023101326233, 
    1965.2328447960551, 
    2350.5812373472913, 
    2788.9336552896852, 
    53.915693651332845, 
    106.65990545519375, 
    789.6449756940295, 
    1204.469532236843, 
    1400.2079963362905, 
    2100.12928012888, 
    17.115195542242137, 
    77.93935132465374, 
    724.1286682734099, 
    1436.619712996966, 
    297.41900194085105, 
    732.2412213292808
  ], 
  "std": 38.747679711019174, 
  "layout": "layout1", 
  "power": [
    88258.87021624636, 
    86841.27372022234, 
    86732.78652741008, 
    85348.40013266841, 
    70300.31070006927, 
    74024.21086505135, 
    85008.44815921088, 
    82446.68866828765, 
    80927.98115488268, 
    83965.5883404486, 
    83142.9500609761, 
    87438.52398678163, 
    86172.15992496951, 
    86516.72301690548, 
    84130.27324068855, 
    84931.69787128376, 
    83637.20580111611, 
    81005.38039030255, 
    85909.17612063308, 
    82684.19544888145
  ], 
  "windspeeds": [
    8.0, 
    8.0, 
    8.0, 
    8.0, 
    8.0, 
    8.0, 
    8.0, 
    8.0, 
    8.0, 
    8.0, 
    8.0, 
    8.0, 
    8.0, 
    8.0, 
    8.0, 
    8.0, 
    8.0, 
    8.0, 
    8.0, 
    8.0
  ], 
  "winddirections": [
    233.25, 
    249.75, 
    266.25, 
    282.75, 
    299.25, 
    315.75, 
    332.25, 
    348.75, 
    5.25, 
    21.75, 
    38.25, 
    54.75, 
    71.25, 
    87.75, 
    104.25, 
    150.75, 
    167.25, 
    183.75, 
    200.25, 
    216.75
  ], 
  "samples": 20, 
  "uncertain_variable": "direction", 
  "method": "rect", 
  "mean": 731.17298835435759
}