{
  "turbineYopt": [
    3099.7155399549592, 
    1484.8198805852871, 
    3468.4939219435373, 
    1473.5857851823714, 
    2249.2459405282757, 
    2774.7504723254447, 
    3182.759815238424, 
    3077.0330874977376, 
    1448.2853786271962, 
    1728.0287539968567, 
    3115.9001273751237, 
    2856.9425449703854, 
    1234.3557909015742, 
    2686.1018508168586, 
    888.6511097502223, 
    773.1929052447267, 
    2327.5251045970863, 
    2546.3610298736935, 
    2235.218381958152, 
    2460.0429607372384, 
    2030.644045379783, 
    1948.8458124488993, 
    2351.5400457232126, 
    3455.1512711040555, 
    3388.242422068987, 
    1920.7053693049265, 
    1136.5597202195063, 
    2088.7644557162143, 
    2892.3989881611537, 
    2384.450058011459, 
    2888.2516879225705, 
    3833.659632976818, 
    3516.8573380234398, 
    3558.0224517273386, 
    1374.3539808538535, 
    1785.1940426112876, 
    3774.125408299945, 
    4031.581442121392, 
    3825.5069898417482, 
    3171.431656807492, 
    3670.9780501300993, 
    1946.9284090184112, 
    1180.0345368725348, 
    2962.9754775808665, 
    1380.8337748727663, 
    1091.8365853788964, 
    3758.585409143109, 
    1799.9154228329264, 
    3040.6943983532024, 
    1521.9532191839216, 
    3291.323000013217, 
    2617.620253136255, 
    2397.5340715751317, 
    2949.408758667887, 
    919.876328593363, 
    2047.081596140025, 
    1917.930742230655, 
    3204.678584924311, 
    4107.109806497763, 
    3304.961984881485
  ], 
  "turbineY": [
    1720.6762962962962, 
    2150.0948148148145, 
    2598.1837037037035, 
    1533.9725925925927, 
    1955.922962962963, 
    2404.011851851852, 
    2863.3029629629627, 
    3322.594074074074, 
    1347.2688888888888, 
    1765.485185185185, 
    2202.3718518518517, 
    2657.9288888888887, 
    3113.485925925926, 
    3580.245185185185, 
    1160.5651851851853, 
    1575.0474074074075, 
    2004.465925925926, 
    2448.820740740741, 
    2904.3777777777777, 
    3359.9348148148147, 
    3815.4918518518516, 
    1384.6096296296296, 
    1810.2940740740742, 
    2247.1807407407405, 
    2691.535555555555, 
    3143.3585185185184, 
    3595.181481481481, 
    1190.437777777778, 
    1608.6540740740743, 
    2041.8066666666666, 
    2478.6933333333336, 
    2926.782222222222, 
    3371.137037037037, 
    3800.555555555555, 
    1000.0000000000001, 
    1414.4822222222224, 
    1836.4325925925928, 
    2269.5851851851853, 
    2710.205925925926, 
    3150.8266666666664, 
    3569.042962962963, 
    1212.8422222222223, 
    1631.0585185185187, 
    2060.477037037037, 
    2486.1614814814816, 
    2923.0481481481484, 
    3337.5303703703703, 
    3748.2785185185185, 
    1014.9362962962965, 
    1425.6844444444446, 
    1843.900740740741, 
    2273.3192592592595, 
    2691.5355555555557, 
    3106.0177777777776, 
    1220.3103703703705, 
    1631.0585185185187, 
    2056.7429629629632, 
    2471.225185185185, 
    1832.6985185185188, 
    2247.180740740741
  ], 
  "turbineX": [
    3692.531851851852, 
    3700.0, 
    3685.0637037037036, 
    3322.8585185185184, 
    3334.060740740741, 
    3322.8585185185184, 
    3300.454074074074, 
    3270.5814814814817, 
    2956.9192592592594, 
    2975.5896296296296, 
    2968.1214814814816, 
    2941.982962962963, 
    2915.844444444445, 
    2882.237777777778, 
    2590.9800000000005, 
    2609.65037037037, 
    2605.9162962962964, 
    2590.9800000000005, 
    2564.841481481482, 
    2534.9688888888895, 
    2490.1600000000003, 
    2247.4451851851854, 
    2247.4451851851854, 
    2228.774814814815, 
    2213.838518518519, 
    2183.965925925926, 
    2146.6251851851857, 
    1877.771851851852, 
    1885.2400000000002, 
    1877.771851851852, 
    1859.1014814814814, 
    1832.9629629629633, 
    1799.3562962962965, 
    1765.7496296296301, 
    1515.5666666666666, 
    1526.7688888888888, 
    1519.3007407407408, 
    1511.8325925925928, 
    1485.6940740740743, 
    1459.5555555555557, 
    1425.948888888889, 
    1164.563703703704, 
    1160.8296296296298, 
    1153.3614814814819, 
    1138.425185185185, 
    1112.2866666666669, 
    1082.414074074074, 
    1056.275555555556, 
    802.3585185185188, 
    802.3585185185188, 
    802.3585185185188, 
    791.1562962962967, 
    765.0177777777781, 
    742.6133333333332, 
    447.6214814814816, 
    451.35555555555584, 
    440.15333333333365, 
    425.2170370370368, 
    92.88444444444485, 
    77.948148148148
  ], 
  "turbineXopt": [
    2284.9004053317085, 
    2856.2828262311446, 
    2479.5992347901492, 
    2548.6181662204135, 
    3593.795671230454, 
    2254.49853620908, 
    1515.9039453123928, 
    2624.915632870486, 
    3153.755440554888, 
    2099.6964859639334, 
    2960.0297998116375, 
    3219.4081865373696, 
    3305.177663073376, 
    1054.1540207675453, 
    1385.603682718834, 
    1759.6481944840673, 
    3160.71606316917, 
    2549.7260328068032, 
    2446.994206294121, 
    2828.774907908712, 
    2018.1429724647408, 
    2978.666159136928, 
    2138.5732232163214, 
    1250.7693550680547, 
    2790.7674553177108, 
    3284.871590933758, 
    1664.4161736533058, 
    2686.4007658487258, 
    475.28207276651534, 
    785.9712751511411, 
    1301.5962761165263, 
    817.9167353123329, 
    1816.7469122629598, 
    752.3503297088131, 
    2185.3599399952254, 
    2655.7709544441823, 
    1535.8053115138653, 
    1218.4353991130567, 
    2466.473265391191, 
    532.4585470936711, 
    2087.001163503356, 
    1695.267238585514, 
    2938.9942990802188, 
    1929.612266879319, 
    1865.599379466493, 
    2452.510453573585, 
    1082.3035426805911, 
    1407.791650115192, 
    240.32538826399758, 
    1212.4006012125274, 
    2088.7303744249857, 
    1394.6655635336808, 
    1190.2567253999462, 
    738.2466329876752, 
    2059.3557352338853, 
    1076.9510274350707, 
    661.8202660069122, 
    922.1614663388177, 
    848.3967342155345, 
    303.8167195862528
  ], 
  "std": 18.659443288734323, 
  "layout": "layout3", 
  "power": [
    72615.01765279108, 
    68480.23317876112, 
    69057.8141019574, 
    65901.04730821609, 
    64580.350371000284, 
    64595.552242348844, 
    68015.36407643728, 
    70705.8749170065, 
    69198.08814018614, 
    68325.55053262984, 
    68013.28655900263, 
    71536.04648354203, 
    69682.3210486938, 
    68873.35702040553, 
    66021.87302108812, 
    68514.60396524926, 
    68991.22929590795, 
    69229.71548616471, 
    67805.24086213947, 
    69542.48478413821
  ], 
  "windspeeds": [
    8.0, 
    8.0, 
    8.0, 
    8.0, 
    8.0, 
    8.0, 
    8.0, 
    8.0, 
    8.0, 
    8.0, 
    8.0, 
    8.0, 
    8.0, 
    8.0, 
    8.0, 
    8.0, 
    8.0, 
    8.0, 
    8.0, 
    8.0
  ], 
  "winddirections": [
    233.25, 
    249.75, 
    266.25, 
    282.75, 
    299.25, 
    315.75, 
    332.25, 
    348.75, 
    5.25, 
    21.75, 
    38.25, 
    54.75, 
    71.25, 
    87.75, 
    104.25, 
    150.75, 
    167.25, 
    183.75, 
    200.25, 
    216.75
  ], 
  "samples": 20, 
  "uncertain_variable": "direction", 
  "method": "rect", 
  "mean": 599.17871942581792
}