{
  "turbineYopt": [
    30.45254804782358, 
    329.4916666692592, 
    796.7772204343036, 
    216.2696076619358, 
    506.3412355823366, 
    807.475150406711, 
    1354.545274993734, 
    1550.5990584388844, 
    410.07111048926834, 
    696.2580602437887, 
    995.2601306262162, 
    1526.7624641427437, 
    1728.7677969774527, 
    2184.067513518538, 
    615.9528379276053, 
    893.2627436484561, 
    1181.7123300492578, 
    1705.3462907753633, 
    2136.4188537854047, 
    2353.49216239814, 
    2822.369349799099, 
    1456.0377984473853, 
    1458.759530329432, 
    1996.081367929873, 
    2292.705853725692, 
    2773.313556073645, 
    2998.4816586214606, 
    1717.803629100696, 
    1929.4807000609258, 
    2164.2404025555243, 
    2719.568351046221, 
    2937.122758723169, 
    3250.934530208323, 
    3565.7465338957422, 
    1872.8228037252902, 
    2086.5434726672484, 
    2689.0270571012807, 
    2907.4137940321234, 
    3411.645890659158, 
    3431.469164225746, 
    3948.5931952011583, 
    2638.505077802799, 
    2850.030398959021, 
    3082.3520512051323, 
    3566.140100886426, 
    4010.790962954306, 
    4275.550157445565, 
    4110.751639431792, 
    3040.463018635409, 
    3028.9831973053947, 
    3275.4297071497003, 
    3715.645040323249, 
    4170.748106255724, 
    4456.37078210722, 
    3690.2993801070993, 
    3708.411004459585, 
    4097.969065534503, 
    4313.4455739270325, 
    4427.331884917016, 
    4447.273688879607
  ], 
  "turbineY": [
    396.15021449676374, 
    621.0511999999999, 
    876.9892289935274, 
    641.0884320865703, 
    858.4641103414244, 
    1110.9096320865701, 
    1379.8818755768614, 
    1655.8391335639167, 
    882.5341424279949, 
    1090.9084061860856, 
    1333.812220682849, 
    1604.2605714215224, 
    1874.7089221601955, 
    2158.1914873956325, 
    1123.9798527694197, 
    1330.33771652751, 
    1565.716223775892, 
    1819.6378527694196, 
    2090.0862035080927, 
    2364.027061495148, 
    2651.9379484757305, 
    1566.274519620553, 
    1796.1441196205528, 
    2049.5254558624624, 
    2303.4470848559895, 
    2575.371542843045, 
    2854.281015326864, 
    1807.1799372103594, 
    2026.0317227135956, 
    2266.9191372103596, 
    2520.300473452269, 
    2786.716024190942, 
    3058.100189426379, 
    3321.418754661816, 
    2043.1167403034024, 
    2256.459618558257, 
    2491.2978330550204, 
    2732.1852475517844, 
    2994.5679982904576, 
    3256.9507490291303, 
    3514.220114264567, 
    2486.3472216512996, 
    2715.6765288996817, 
    2954.5475433964452, 
    3198.387172389973, 
    3458.7535231286456, 
    3710.5139811157005, 
    3956.765531854374, 
    2718.2512247443424, 
    2940.0552247443425, 
    3165.8920247443425, 
    3408.2555464894876, 
    3658.539897228161, 
    3903.3153407184523, 
    3160.9414133406212, 
    3379.2529060922398, 
    3619.600027837385, 
    3857.3904568309126, 
    3823.4192019369007, 
    4061.209630930428
  ], 
  "turbineX": [
    2270.0210989377038, 
    2675.6922325016203, 
    3086.7275023074462, 
    1895.7721365186094, 
    2296.4746555857623, 
    2709.526325391588, 
    3127.0063169425603, 
    3540.4535084935324, 
    1523.5395740995152, 
    1924.7823859182863, 
    2329.372933978967, 
    2741.3440182815566, 
    3153.3151025841466, 
    3571.730908631882, 
    1151.3070116804213, 
    1549.0573162508103, 
    1948.679249814727, 
    2356.2220123721713, 
    2768.1930966747614, 
    3178.147780977351, 
    3580.036865279941, 
    1175.3486465833341, 
    1573.494472898869, 
    1972.0358209595495, 
    2379.5785835169936, 
    2786.040760571202, 
    3188.4701376254093, 
    794.1146696674764, 
    1189.3082814862473, 
    1590.406322298546, 
    1988.9476703592263, 
    2393.9337401650523, 
    2791.3945027224963, 
    3174.8852362864136, 
    420.4060000000002, 
    814.1235045703893, 
    1204.7440236375423, 
    1605.842064449841, 
    2003.843119758903, 
    2401.844175067966, 
    2774.857386886737, 
    429.9373131577677, 
    819.0817249765386, 
    1216.6872585404553, 
    1606.76748485599, 
    2001.2760329166706, 
    2372.81313748706, 
    2742.874134809067, 
    49.243628993527864, 
    433.419426315535, 
    824.5802381343061, 
    1220.169371698223, 
    1597.2153835169938, 
    1972.7852880873827, 
    49.773527654531335, 
    435.9657249765387, 
    828.0623512920736, 
    1207.6650558624626, 
    430.9867163891604, 
    810.5894209595494
  ], 
  "turbineXopt": [
    2050.517159654139, 
    2698.174735879642, 
    3279.51443526226, 
    1594.155446324817, 
    2246.4346768990854, 
    2895.7743630106406, 
    3326.9421822267423, 
    3751.2991747541128, 
    1144.6045918843058, 
    1794.9054079359664, 
    2450.612323595315, 
    2936.475665816456, 
    3345.906905537271, 
    3764.1914715710227, 
    664.8430860960026, 
    1334.754572483177, 
    1989.6332034628238, 
    2510.5348913328953, 
    2949.112103190836, 
    3366.3052440234947, 
    3765.192953596105, 
    852.4269409557608, 
    1465.1298451101004, 
    1943.7951588104947, 
    2544.4762111370023, 
    2951.158444730167, 
    3448.649202036978, 
    550.1080369691441, 
    1031.31816101998, 
    1494.6195132928178, 
    1988.5835134611552, 
    2598.2041044738107, 
    2933.4088600214827, 
    3710.3220686625755, 
    160.67699367593985, 
    676.2760694529081, 
    993.2661165250643, 
    1525.135749727257, 
    1987.3668390892049, 
    2611.0475389710646, 
    3127.789703191386, 
    126.00313940277074, 
    617.2890601463553, 
    1143.2423114048233, 
    1563.6114398652367, 
    2022.8178592460067, 
    2626.1157040925236, 
    2878.967225988754, 
    1.9158689908318252, 
    254.46197271750324, 
    762.6222048445073, 
    1164.4290436458234, 
    1601.7791235140505, 
    2219.289318268243, 
    15.52490790390483, 
    586.4462767468737, 
    744.8042275145209, 
    1209.0456957570702, 
    360.638208234457, 
    817.8131834353277
  ], 
  "std": 38.663402462791503, 
  "layout": "layout1", 
  "power": [
    87380.60691467246, 
    89514.33002593298, 
    84489.54854584365, 
    72479.23581527043, 
    89857.5815614702, 
    85589.1055817494, 
    78850.65882183048, 
    85177.90875045522, 
    86502.78029973901, 
    89087.63187808666, 
    86733.06104061409, 
    88141.54179985917, 
    87988.06456641712, 
    81195.45626681193, 
    87883.91000243396
  ], 
  "windspeeds": [
    8.0, 
    8.0, 
    8.0, 
    8.0, 
    8.0, 
    8.0, 
    8.0, 
    8.0, 
    8.0, 
    8.0, 
    8.0, 
    8.0, 
    8.0, 
    8.0, 
    8.0
  ], 
  "winddirections": [
    236.0, 
    258.0, 
    280.0, 
    302.0, 
    324.0, 
    346.0, 
    8.0, 
    30.0, 
    52.0, 
    74.0, 
    96.0, 
    148.0, 
    170.0, 
    192.0, 
    214.0
  ], 
  "samples": 15, 
  "uncertain_variable": "direction", 
  "method": "rect", 
  "mean": 747.20355554212802
}