{
  "turbineYopt": [
    14.65697357108379, 
    781.0343047910177, 
    1033.144640725429, 
    100.49463943070454, 
    1066.5714117860725, 
    1246.568880656915, 
    1236.7340980794445, 
    1632.0030787302142, 
    270.41034203136786, 
    787.2725202995058, 
    1178.211977457176, 
    1423.320336558342, 
    1856.9681909770327, 
    2109.629722880068, 
    873.0758036019423, 
    879.2590698037362, 
    1784.9874719454135, 
    2885.859406466726, 
    2719.7976121162674, 
    2362.173526655432, 
    2676.881364391113, 
    1084.9767332795855, 
    1425.0769541778252, 
    2724.94233947691, 
    2667.542948415695, 
    2482.586077497511, 
    2871.176651284716, 
    1098.4179641373778, 
    1782.1312682424011, 
    2860.281129955992, 
    2956.0684884460843, 
    2980.793981506708, 
    2653.7133991903706, 
    2914.092899009869, 
    1860.5086388239483, 
    2239.580964342471, 
    2528.368384461341, 
    3387.172967332932, 
    3231.1687604725657, 
    3136.234185432583, 
    3483.9621081023206, 
    2474.7341777006927, 
    2437.5199632243125, 
    3499.900275388954, 
    3127.7612889688494, 
    3355.976595720393, 
    3596.8342829065605, 
    4518.275383235425, 
    2029.463223530626, 
    2276.7951788188507, 
    3671.8317195925306, 
    3752.012250013459, 
    4280.856680368799, 
    4434.460064394357, 
    2107.840594112173, 
    3891.7989210749406, 
    4210.736849267226, 
    4521.414449064238, 
    4076.959914160969, 
    4459.25387980916
  ], 
  "turbineY": [
    396.15021449676374, 
    621.0511999999999, 
    876.9892289935274, 
    641.0884320865703, 
    858.4641103414244, 
    1110.9096320865701, 
    1379.8818755768614, 
    1655.8391335639167, 
    882.5341424279949, 
    1090.9084061860856, 
    1333.812220682849, 
    1604.2605714215224, 
    1874.7089221601955, 
    2158.1914873956325, 
    1123.9798527694197, 
    1330.33771652751, 
    1565.716223775892, 
    1819.6378527694196, 
    2090.0862035080927, 
    2364.027061495148, 
    2651.9379484757305, 
    1566.274519620553, 
    1796.1441196205528, 
    2049.5254558624624, 
    2303.4470848559895, 
    2575.371542843045, 
    2854.281015326864, 
    1807.1799372103594, 
    2026.0317227135956, 
    2266.9191372103596, 
    2520.300473452269, 
    2786.716024190942, 
    3058.100189426379, 
    3321.418754661816, 
    2043.1167403034024, 
    2256.459618558257, 
    2491.2978330550204, 
    2732.1852475517844, 
    2994.5679982904576, 
    3256.9507490291303, 
    3514.220114264567, 
    2486.3472216512996, 
    2715.6765288996817, 
    2954.5475433964452, 
    3198.387172389973, 
    3458.7535231286456, 
    3710.5139811157005, 
    3956.765531854374, 
    2718.2512247443424, 
    2940.0552247443425, 
    3165.8920247443425, 
    3408.2555464894876, 
    3658.539897228161, 
    3903.3153407184523, 
    3160.9414133406212, 
    3379.2529060922398, 
    3619.600027837385, 
    3857.3904568309126, 
    3823.4192019369007, 
    4061.209630930428
  ], 
  "turbineX": [
    2270.0210989377038, 
    2675.6922325016203, 
    3086.7275023074462, 
    1895.7721365186094, 
    2296.4746555857623, 
    2709.526325391588, 
    3127.0063169425603, 
    3540.4535084935324, 
    1523.5395740995152, 
    1924.7823859182863, 
    2329.372933978967, 
    2741.3440182815566, 
    3153.3151025841466, 
    3571.730908631882, 
    1151.3070116804213, 
    1549.0573162508103, 
    1948.679249814727, 
    2356.2220123721713, 
    2768.1930966747614, 
    3178.147780977351, 
    3580.036865279941, 
    1175.3486465833341, 
    1573.494472898869, 
    1972.0358209595495, 
    2379.5785835169936, 
    2786.040760571202, 
    3188.4701376254093, 
    794.1146696674764, 
    1189.3082814862473, 
    1590.406322298546, 
    1988.9476703592263, 
    2393.9337401650523, 
    2791.3945027224963, 
    3174.8852362864136, 
    420.4060000000002, 
    814.1235045703893, 
    1204.7440236375423, 
    1605.842064449841, 
    2003.843119758903, 
    2401.844175067966, 
    2774.857386886737, 
    429.9373131577677, 
    819.0817249765386, 
    1216.6872585404553, 
    1606.76748485599, 
    2001.2760329166706, 
    2372.81313748706, 
    2742.874134809067, 
    49.243628993527864, 
    433.419426315535, 
    824.5802381343061, 
    1220.169371698223, 
    1597.2153835169938, 
    1972.7852880873827, 
    49.773527654531335, 
    435.9657249765387, 
    828.0623512920736, 
    1207.6650558624626, 
    430.9867163891604, 
    810.5894209595494
  ], 
  "turbineXopt": [
    1992.3372115320478, 
    3269.0696161897295, 
    3287.7303786299467, 
    1754.556349060526, 
    2141.622183041122, 
    2844.909795528534, 
    3437.5942264853334, 
    3755.9878851225535, 
    1110.6264498218432, 
    1831.9189676474207, 
    1914.8089239945425, 
    3025.6492876291536, 
    3640.6685959262604, 
    3649.035122797224, 
    534.1025939995629, 
    1570.6417212726824, 
    2448.7114053052205, 
    2720.4800594655712, 
    3350.734196115027, 
    3660.413509727797, 
    3599.864775672347, 
    671.9642492984549, 
    1969.2658210504355, 
    1765.8713472786978, 
    3103.3937618391783, 
    3438.1329251285965, 
    3761.5966262160973, 
    419.52183346263, 
    508.98389818485634, 
    1429.507673956453, 
    1663.4577324574416, 
    2486.1826698518457, 
    2820.560465878686, 
    3512.466046658777, 
    268.6407522587815, 
    654.4402455904066, 
    1125.1923133839305, 
    1466.086702865385, 
    2451.2497287270876, 
    2685.547118340813, 
    2449.415095978317, 
    561.6457480484687, 
    811.6916533691999, 
    896.5932229051938, 
    2122.661294249054, 
    2231.4069513976237, 
    2154.6253182467617, 
    2253.697178266179, 
    456.68911922726585, 
    404.39434026967535, 
    638.205905863757, 
    877.9535885689863, 
    1582.0460794809158, 
    1221.4192272086384, 
    216.34597330119098, 
    513.617349943997, 
    556.0061901739994, 
    984.0444698895685, 
    341.50307997947675, 
    415.7456523097065
  ], 
  "std": 43.466838334170035, 
  "layout": "layout1", 
  "power": [
    79447.37044577506, 
    77474.89592169547, 
    79896.22049013259, 
    69701.92232456517, 
    75927.2062319878, 
    72945.66712101536, 
    81712.25688485023, 
    72019.48617223535, 
    73256.68142593955, 
    82295.86235044728
  ], 
  "windspeeds": [
    8.0, 
    8.0, 
    8.0, 
    8.0, 
    8.0, 
    8.0, 
    8.0, 
    8.0, 
    8.0, 
    8.0
  ], 
  "winddirections": [
    241.5, 
    274.5, 
    307.5, 
    340.5, 
    13.5, 
    46.5, 
    79.5, 
    142.5, 
    175.5, 
    208.5
  ], 
  "samples": 10, 
  "uncertain_variable": "direction", 
  "method": "rect", 
  "mean": 651.35081580977555
}