{
  "turbineYopt": [
    1178.0776081514286, 
    361.1643985171059, 
    204.2493734857051, 
    1831.396496715362, 
    952.7354476159929, 
    454.3582002392352, 
    109.39658909682574, 
    7.5829557196250335, 
    2187.625007988961, 
    1581.3679728212683, 
    1152.4727603668223, 
    660.4203347749353, 
    680.4065253941823, 
    142.42461326710253, 
    3196.32937955326, 
    2582.1658340249264, 
    1722.3222063028704, 
    1224.3430125176333, 
    931.8247713587242, 
    710.8201650087055, 
    579.7149947575299, 
    2943.535986458149, 
    2184.354330712812, 
    1772.8072820294217, 
    1357.7249315822312, 
    1399.9768693960632, 
    1104.8585638999202, 
    3660.526964334703, 
    2691.706265965999, 
    2359.5080242442623, 
    2086.8803639986577, 
    2339.050594409146, 
    1909.0830973611053, 
    1520.3848235714997, 
    3913.253486064793, 
    3075.9223402538555, 
    3160.4134471151683, 
    2860.793414821546, 
    2719.9695291869234, 
    2481.0227571875303, 
    1831.9068056167353, 
    3657.756908480262, 
    3599.6982343960585, 
    3659.6258328902895, 
    3329.1076716489333, 
    3056.9115023283907, 
    2649.08270240735, 
    2208.408322278228, 
    4451.297927269758, 
    4440.480785996259, 
    4077.6444897631745, 
    3696.1817187973056, 
    3704.7835810929637, 
    3562.261650789648, 
    4874.078068518361, 
    4715.9639551070695, 
    4439.899545478196, 
    3926.592263706276, 
    4577.931750292632, 
    4301.86734066376
  ], 
  "turbineY": [
    946.129457867374, 
    724.9525925925927, 
    513.8433601791924, 
    1359.6278074875652, 
    1138.951213279097, 
    924.6081778579356, 
    714.3654403489461, 
    510.5903088554787, 
    1769.8923540999954, 
    1544.6151909130422, 
    1332.639463595231, 
    1127.4975661310395, 
    922.355668666848, 
    718.0802661070676, 
    2180.1569007124253, 
    1956.7467745625095, 
    1745.2713183110113, 
    1536.0291229346478, 
    1330.8872254704565, 
    1128.979131014026, 
    940.0062485886397, 
    2365.644555204216, 
    2152.8023329819935, 
    1950.5280146874654, 
    1741.285819311102, 
    1541.2447618917085, 
    1347.6713104878372, 
    2782.876978898481, 
    2567.3012247348106, 
    2357.192534454037, 
    2154.9182161595086, 
    1953.5103927693908, 
    1760.437212431833, 
    1574.8321802424225, 
    3191.7747595401875, 
    2974.832239405793, 
    2770.32466023613, 
    2560.215969955356, 
    2362.5422206393123, 
    2164.8684713232697, 
    1984.8645502449701, 
    3389.3311311586103, 
    3183.4567860182233, 
    2975.215132774486, 
    2775.3081225833084, 
    2579.5014103043018, 
    2398.130723255279, 
    2215.3932702355314, 
    3801.962985874391, 
    3596.588911800317, 
    3387.4807636521687, 
    3182.4729134161926, 
    2996.001386322371, 
    2808.163093257827, 
    4006.4872345746494, 
    3797.879357492814, 
    3594.738544293875, 
    3400.4326452138084, 
    4007.5044462378705, 
    3813.1985471578037
  ], 
  "turbineX": [
    527.858054571948, 
    896.0113263903892, 
    1291.5358354698578, 
    551.0045708505643, 
    910.8231996164467, 
    1304.4806716588782, 
    1713.4406638357038, 
    2126.1347300866037, 
    572.2840500921436, 
    925.1348017761907, 
    1307.2238277583024, 
    1714.8170539644043, 
    2122.410280170506, 
    2543.438989473965, 
    593.563529333723, 
    943.1804780100092, 
    1316.9348609395615, 
    1709.2255670112693, 
    2116.818793217371, 
    2526.2790564605098, 
    2943.2074678517965, 
    959.3591172067906, 
    1328.012660091545, 
    1715.7027971847679, 
    2107.9935032564754, 
    2514.219963491853, 
    2924.1804978013047, 
    976.038027469885, 
    1334.4898902650434, 
    1713.3451132393939, 
    2101.0352503326167, 
    2502.1608705231965, 
    2903.7867617800894, 
    3292.4774410059376, 
    992.2166666666665, 
    1345.567689417027, 
    1714.721503368094, 
    2093.5767263424445, 
    2488.2347405175024, 
    2882.8927546925597, 
    3261.882024895126, 
    1352.0449195905248, 
    1716.0978934967943, 
    2091.719313463384, 
    2467.8410044962866, 
    2859.265215663583, 
    3233.1536458213513, 
    3601.9412359343205, 
    1361.7559527717845, 
    1717.4742836254948, 
    2079.660220494727, 
    2457.1486774983537, 
    2832.403873626846, 
    3202.5582297105393, 
    1716.983636717158, 
    2070.8349305338315, 
    2445.0895845296973, 
    2811.509866539317, 
    2424.6958485084815, 
    2791.1161305181013
  ], 
  "turbineXopt": [
    379.0169293934419, 
    794.396530929874, 
    992.6023958938019, 
    166.86217142376756, 
    493.59768993037494, 
    1029.391861324502, 
    1548.7238596018324, 
    1780.116673864902, 
    113.67527594348215, 
    204.19281887784413, 
    1018.5058460039538, 
    1624.9064144360236, 
    2394.0582501490085, 
    2371.228712717851, 
    5.179985132938681, 
    54.768139055262694, 
    1036.4482799990733, 
    1657.2372080688701, 
    2420.479468061382, 
    2919.3553936525705, 
    3135.5019965218225, 
    7.072981579684047, 
    1026.24318467691, 
    1695.3310238785407, 
    2441.77004701315, 
    3153.8949067786302, 
    3483.858738342004, 
    14.901401736475117, 
    1082.5423659093744, 
    1725.3746394170944, 
    2515.079138497962, 
    2532.9329876133797, 
    3213.086371256431, 
    3733.174495114117, 
    20.996230516570655, 
    1152.6892521908212, 
    1770.8505668663174, 
    2408.0830335561577, 
    2618.027010526177, 
    3269.9284151600796, 
    3793.4702415812585, 
    660.4275379753732, 
    1215.5791648474312, 
    1853.6819688221917, 
    2508.3564335420683, 
    3492.3874422885597, 
    3777.9614430564056, 
    3789.055763941599, 
    402.011165755473, 
    1229.0281856150157, 
    1917.1374543306379, 
    2544.7666845195185, 
    3501.879266939602, 
    3710.674575006914, 
    1248.2428948485096, 
    1950.3734890836256, 
    2373.953235691347, 
    3161.546857908515, 
    2162.1633623874864, 
    2585.7431089952074
  ], 
  "std": 53.580885910398514, 
  "layout": "layout2", 
  "power": [
    85533.11916730086, 
    83243.42261697461, 
    87307.32024870765, 
    81671.65625249554, 
    85301.56633791763, 
    81594.2885611879, 
    83518.52034550307, 
    84965.96584321819, 
    85140.00292152453, 
    83167.20119590918, 
    74101.6641829287, 
    72970.02153466946, 
    75770.6130919791, 
    83677.79463715974, 
    82007.34197977313, 
    86069.80793295387, 
    85476.26976430323, 
    83307.42327945186, 
    80162.62096375474, 
    73690.8651839167, 
    57878.824208060614, 
    63924.55667485712, 
    79814.41328957537, 
    85523.63056902497, 
    87472.14736021485, 
    84776.15578794746, 
    88790.57048730162, 
    86751.10377873044, 
    82834.99509204764, 
    87049.37652472216, 
    81192.15184159821, 
    84676.31462912669, 
    81889.33114476984, 
    83339.28729546604, 
    85841.31715897046, 
    86437.12608051812, 
    82556.56879223122, 
    83222.2896094831, 
    87759.76782161705, 
    84383.30409071382, 
    82661.1167222141, 
    79190.16162387315, 
    69208.46844207871, 
    56480.29562115935, 
    68964.61704911702, 
    81989.8662117668, 
    86436.89201941276, 
    88403.3372958884, 
    84736.52126629565, 
    89165.09145198084
  ], 
  "windspeeds": [
    8.0, 
    8.0, 
    8.0, 
    8.0, 
    8.0, 
    8.0, 
    8.0, 
    8.0, 
    8.0, 
    8.0, 
    8.0, 
    8.0, 
    8.0, 
    8.0, 
    8.0, 
    8.0, 
    8.0, 
    8.0, 
    8.0, 
    8.0, 
    8.0, 
    8.0, 
    8.0, 
    8.0, 
    8.0, 
    8.0, 
    8.0, 
    8.0, 
    8.0, 
    8.0, 
    8.0, 
    8.0, 
    8.0, 
    8.0, 
    8.0, 
    8.0, 
    8.0, 
    8.0, 
    8.0, 
    8.0, 
    8.0, 
    8.0, 
    8.0, 
    8.0, 
    8.0, 
    8.0, 
    8.0, 
    8.0, 
    8.0, 
    8.0
  ],