{
  "turbineYopt": [
    378.34555235086475, 
    79.09719465585282, 
    357.6444625747688, 
    10.081999890847573, 
    2.95448978202552, 
    965.5518220386974, 
    1127.8033962698166, 
    1634.4855521619315, 
    501.54152881571173, 
    731.6098198601803, 
    579.7149947575303, 
    2478.70612570698, 
    1915.1724008122783, 
    1995.0465091249937, 
    887.765432381262, 
    1328.5817962857125, 
    895.6569616362403, 
    1282.282862003335, 
    2617.163524406291, 
    2247.7927904437197, 
    3165.966210810836, 
    1568.3950927735882, 
    1645.738030076422, 
    1072.6189560756889, 
    2657.1919538315433, 
    2889.891689018322, 
    3607.6633914547438, 
    1292.4138966999378, 
    1898.2322669673697, 
    1231.8395878274168, 
    2331.8710236284887, 
    3312.3328601759163, 
    3159.729332721218, 
    3886.6337141984495, 
    1747.351245792345, 
    2032.7468631790366, 
    2101.948400143879, 
    2444.7350879350724, 
    3366.730302458843, 
    2633.977074488916, 
    3493.843073328317, 
    1869.418676041841, 
    3014.5066980393412, 
    2777.570484790091, 
    3614.405635444146, 
    3446.7085904149803, 
    4288.136552157366, 
    4150.10434734293, 
    3028.132035194519, 
    3584.368335323154, 
    2388.4409048027933, 
    4243.971915898843, 
    3863.4824291566692, 
    4595.586867766743, 
    3603.799226989694, 
    4000.5085287740176, 
    4349.846381159175, 
    4767.755859091999, 
    4714.23327839803, 
    4879.855388482188
  ], 
  "turbineY": [
    396.15021449676374, 
    621.0511999999999, 
    876.9892289935274, 
    641.0884320865703, 
    858.4641103414244, 
    1110.9096320865701, 
    1379.8818755768614, 
    1655.8391335639167, 
    882.5341424279949, 
    1090.9084061860856, 
    1333.812220682849, 
    1604.2605714215224, 
    1874.7089221601955, 
    2158.1914873956325, 
    1123.9798527694197, 
    1330.33771652751, 
    1565.716223775892, 
    1819.6378527694196, 
    2090.0862035080927, 
    2364.027061495148, 
    2651.9379484757305, 
    1566.274519620553, 
    1796.1441196205528, 
    2049.5254558624624, 
    2303.4470848559895, 
    2575.371542843045, 
    2854.281015326864, 
    1807.1799372103594, 
    2026.0317227135956, 
    2266.9191372103596, 
    2520.300473452269, 
    2786.716024190942, 
    3058.100189426379, 
    3321.418754661816, 
    2043.1167403034024, 
    2256.459618558257, 
    2491.2978330550204, 
    2732.1852475517844, 
    2994.5679982904576, 
    3256.9507490291303, 
    3514.220114264567, 
    2486.3472216512996, 
    2715.6765288996817, 
    2954.5475433964452, 
    3198.387172389973, 
    3458.7535231286456, 
    3710.5139811157005, 
    3956.765531854374, 
    2718.2512247443424, 
    2940.0552247443425, 
    3165.8920247443425, 
    3408.2555464894876, 
    3658.539897228161, 
    3903.3153407184523, 
    3160.9414133406212, 
    3379.2529060922398, 
    3619.600027837385, 
    3857.3904568309126, 
    3823.4192019369007, 
    4061.209630930428
  ], 
  "turbineX": [
    2270.0210989377038, 
    2675.6922325016203, 
    3086.7275023074462, 
    1895.7721365186094, 
    2296.4746555857623, 
    2709.526325391588, 
    3127.0063169425603, 
    3540.4535084935324, 
    1523.5395740995152, 
    1924.7823859182863, 
    2329.372933978967, 
    2741.3440182815566, 
    3153.3151025841466, 
    3571.730908631882, 
    1151.3070116804213, 
    1549.0573162508103, 
    1948.679249814727, 
    2356.2220123721713, 
    2768.1930966747614, 
    3178.147780977351, 
    3580.036865279941, 
    1175.3486465833341, 
    1573.494472898869, 
    1972.0358209595495, 
    2379.5785835169936, 
    2786.040760571202, 
    3188.4701376254093, 
    794.1146696674764, 
    1189.3082814862473, 
    1590.406322298546, 
    1988.9476703592263, 
    2393.9337401650523, 
    2791.3945027224963, 
    3174.8852362864136, 
    420.4060000000002, 
    814.1235045703893, 
    1204.7440236375423, 
    1605.842064449841, 
    2003.843119758903, 
    2401.844175067966, 
    2774.857386886737, 
    429.9373131577677, 
    819.0817249765386, 
    1216.6872585404553, 
    1606.76748485599, 
    2001.2760329166706, 
    2372.81313748706, 
    2742.874134809067, 
    49.243628993527864, 
    433.419426315535, 
    824.5802381343061, 
    1220.169371698223, 
    1597.2153835169938, 
    1972.7852880873827, 
    49.773527654531335, 
    435.9657249765387, 
    828.0623512920736, 
    1207.6650558624626, 
    430.9867163891604, 
    810.5894209595494
  ], 
  "turbineXopt": [
    1760.4711265927233, 
    2260.548358826034, 
    2747.3787218022994, 
    972.9130062762691, 
    1641.2626943476048, 
    3391.4898925243983, 
    3197.627739097579, 
    3800.8892257231687, 
    723.0183284959044, 
    1243.5458189610363, 
    3135.5019965218235, 
    3512.809961473199, 
    3226.9104554505334, 
    3793.4549775519663, 
    526.6332911689681, 
    1867.1081873640562, 
    1827.5372057010254, 
    2997.5144374293345, 
    2211.5937786425875, 
    3788.2437128728993, 
    3739.875290842192, 
    1126.5580434519065, 
    1916.432157265315, 
    2486.3138894243043, 
    3333.782573192607, 
    2910.503879810766, 
    3650.8957423800807, 
    320.87983304303066, 
    1928.8869374983863, 
    2289.943379225513, 
    2629.7185047291996, 
    2116.14648517954, 
    2317.691389040209, 
    3222.8573046194506, 
    866.3376492830105, 
    541.7248406773821, 
    1425.5688768466848, 
    1814.1421541001735, 
    1662.201465856082, 
    1385.3720459387566, 
    2898.1111907453997, 
    161.18524884803108, 
    600.9147949583314, 
    512.7608752472213, 
    1712.8459138651747, 
    1902.0168201166707, 
    2606.810960240796, 
    2818.600833544657, 
    1.657527219053362, 
    687.9325627161959, 
    83.6923470745073, 
    1947.3704196407587, 
    1304.7549429272074, 
    2035.657326148018, 
    13.713386146160296, 
    71.51230755615381, 
    782.506020718043, 
    1635.1504519017342, 
    855.9206161724962, 
    1408.563526251038
  ], 
  "std": 39.260798024645851, 
  "layout": "layout1", 
  "power": [
    85100.35661430107, 
    83044.76357498369, 
    80615.75641716753, 
    85874.46248960661, 
    84699.4794608015, 
    84933.52895860143, 
    86368.6440462989, 
    83197.56497765779, 
    72896.13196616484, 
    67775.95342531867, 
    75261.46755722338, 
    82491.10885911946, 
    81598.95258560246, 
    84774.11355440372, 
    85146.15544353772, 
    77758.71543362559, 
    75896.16600014947, 
    75253.72223442892, 
    75457.16435374324, 
    84402.77929852917, 
    86141.04964468468, 
    84762.59111725756, 
    84691.28768417642, 
    81998.66342234412, 
    81386.37697490423, 
    86691.67058237681, 
    85136.1478324946, 
    85598.29438129227, 
    87069.04094480738, 
    80886.3663143465, 
    81772.3912169011, 
    82897.9965255964, 
    84228.68466485005, 
    79034.22037610972, 
    76387.86162515261, 
    74111.24330052357, 
    75196.22473558561, 
    83591.35501021055, 
    86384.14616555517, 
    85687.99440793449
  ], 
  "windspeeds": [
    8.0, 
    8.0, 
    8.0, 
    8.0, 
    8.0, 
    8.0, 
    8.0, 
    8.0, 
    8.0, 
    8.0, 
    8.0, 
    8.0, 
    8.0, 
    8.0, 
    8.0, 
    8.0, 
    8.0, 
    8.0, 
    8.0, 
    8.0, 
    8.0, 
    8.0, 
    8.0, 
    8.0, 
    8.0, 
    8.0, 
    8.0, 
    8.0, 
    8.0, 
    8.0, 
    8.0, 
    8.0, 
    8.0, 
    8.0, 
    8.0, 
    8.0, 
    8.0, 
    8.0, 
    8.0, 
    8.0
  ], 
  "winddirections": [
    229.125, 
    237.375, 
    245.625, 
    253.875, 
    262.125, 
    270.375, 
    278.625, 
    286.875, 
    295.125, 
    303.375, 
    311.625, 
    319.875, 
    328.125, 
    336.375, 
    344.625, 
    352.875, 
    1.125, 
    9.375, 
    17.625, 
    25.875, 
    34.125, 
    42.375, 
    50.625, 
    58.875, 
    67.125, 
    75.375, 
    83.625, 
    91.875, 
    100.125, 
    108.375, 
    146.625, 
    154.875, 
    163.125, 
    171.375, 
    179.625, 
    187.875, 
    196.125, 
    204.375, 
    212.625, 
    220.875
  ], 
  "samples": 40,